-- phpMyAdmin SQL Dump
-- version 4.9.2
-- https://www.phpmyadmin.net/
--
-- Servidor: 127.0.0.1
-- Tiempo de generación: 08-02-2020 a las 05:25:05
-- Versión del servidor: 10.4.11-MariaDB
-- Versión de PHP: 7.4.1

SET SQL_MODE = "NO_AUTO_VALUE_ON_ZERO";
SET AUTOCOMMIT = 0;
START TRANSACTION;
SET time_zone = "+00:00";


/*!40101 SET @OLD_CHARACTER_SET_CLIENT=@@CHARACTER_SET_CLIENT */;
/*!40101 SET @OLD_CHARACTER_SET_RESULTS=@@CHARACTER_SET_RESULTS */;
/*!40101 SET @OLD_COLLATION_CONNECTION=@@COLLATION_CONNECTION */;
/*!40101 SET NAMES utf8mb4 */;

--
-- Base de datos: `store`
--

-- --------------------------------------------------------

--
-- Estructura de tabla para la tabla `acciones`
--

CREATE TABLE `acciones` (
  `id` varchar(250) NOT NULL,
  `usuario` varchar(250) NOT NULL,
  `tipoAccion` varchar(250) NOT NULL,
  `descripcion` varchar(250) NOT NULL,
  `paginaURL` varchar(250) NOT NULL,
  `fecha` datetime DEFAULT current_timestamp()
) ENGINE=InnoDB DEFAULT CHARSET=utf8mb4;

--
-- Volcado de datos para la tabla `acciones`
--

INSERT INTO `acciones` (`id`, `usuario`, `tipoAccion`, `descripcion`, `paginaURL`, `fecha`) VALUES
('login_1', '123', 'ERROR', 'Error nombre o contraseña invalidologin_1', 'login.php', NULL),
('login_1', '1AAA', 'ERROR', 'Error nombre o contraseña invalido login_1', 'login.php', '2020-02-06 20:39:36'),
('login_1', 'HHH', 'ERROR', 'Error nombre o contraseña invalido [ERROR: login_1]', 'login.php', '2020-02-06 20:40:32'),
('login_1', 'admin', 'ERROR', 'Error nombre o contraseña invalido [ERROR: login_1]', 'login.php', '2020-02-06 20:41:49'),
('login_2', 'asdf', 'ERROR', 'Error nombre o contraseña invalido [ERROR: login_2]', 'login.php', '2020-02-06 21:03:10'),
('login_1', 'asdf', 'ERROR', 'Error nombre o contraseña invalido [ERROR: login_1]', 'login.php', '2020-02-06 21:03:58'),
('login_2', 'admin', 'ERROR', 'Error nombre o contraseña invalido [ERROR: login_2]', 'login.php', '2020-02-06 21:06:12'),
('login_2', '123', 'ERROR', 'Error nombre o contraseña invalido [ERROR: login_2]', 'login.php', '2020-02-06 21:37:48'),
('login_2', '123', 'ERROR', 'Error nombre o contraseña invalido [ERROR: login_2]', 'login.php', '2020-02-06 21:38:38'),
('login_1', '123', 'ERROR', 'Error nombre o contraseña invalido [ERROR: login_1]', 'login.php', '2020-02-06 21:38:41'),
('LOGIN_OK_ADMIN', 'admin', 'INGRESO', 'USUARIO INGRESO CORRECTAMENTE [INGRESO: LOGIN_OK_ADMIN]', 'login.php', '2020-02-06 21:43:30'),
('LOGIN_OK_ADMIN', 'admin', 'INGRESO', 'USUARIO INGRESO CORRECTAMENTE [INGRESO: LOGIN_OK_ADMIN]', 'login.php', '2020-02-06 21:46:08'),
('LOGIN_OK_ADMIN', 'admin', 'INGRESO', 'USUARIO INGRESO CORRECTAMENTE [INGRESO: LOGIN_OK_ADMIN]', 'configAdmin.php', '2020-02-06 22:08:10'),
('INGRESO_OK_CONFIGADMIN', 'admin', 'INGRESO', 'USUARIO INGRESO CORRECTAMENTE [INGRESO: INGRESO_OK_CONFIGADMIN]', 'configAdmin.php', '2020-02-06 22:09:53'),
('INGRESO_OK_CONFIGADMIN', 'admin', 'INGRESO', 'USUARIO INGRESO CORRECTAMENTE [INGRESO: INGRESO_OK_CONFIGADMIN]', 'configAdmin.php', '2020-02-06 22:11:02'),
('INGRESO_OK_CONFIGADMIN', 'admin', 'INGRESO', 'USUARIO INGRESO CORRECTAMENTE [INGRESO: INGRESO_OK_CONFIGADMIN]', 'configAdmin.php', '2020-02-06 22:12:06'),
('INGRESO_OK_CONFIGADMIN', 'admin', 'INGRESO', 'USUARIO INGRESO CORRECTAMENTE [INGRESO: INGRESO_OK_CONFIGADMIN]', 'configAdmin.php', '2020-02-06 22:12:32'),
('INGRESO_OK_PRODUCTO', 'admin ', 'INGRESO', 'USUARIO INGRESO CORRECTAMENTE A PRODUCTO[INGRESO: INGRESO_OK_PRODUCTO]', 'product.php', '2020-02-06 22:16:51'),
('INGRESO_OK_PRODUCTO', 'admin ', 'INGRESO', 'USUARIO INGRESO CORRECTAMENTE A PRODUCTO[INGRESO: INGRESO_OK_PRODUCTO]', 'product.php', '2020-02-06 22:16:53'),
('INGRESO_OK_CONFIGADMIN', 'admin', 'INGRESO', 'USUARIO INGRESO CORRECTAMENTE [INGRESO: INGRESO_OK_CONFIGADMIN]', 'configAdmin.php', '2020-02-06 22:17:04'),
('INGRESO_OK_PRODUCTO', ' dog', 'INGRESO', 'USUARIO INGRESO CORRECTAMENTE A PRODUCTO[INGRESO: INGRESO_OK_PRODUCTO]', 'product.php', '2020-02-06 22:21:18'),
('INGRESO_OK_INDEX', ' dog', 'INGRESO', 'USUARIO INGRESO CORRECTAMENTE A INDEX[INGRESO: INGRESO_OK_INDEX]', 'index.php', '2020-02-06 22:25:09'),
('INGRESO_OK_INDEX', ' dog', 'INGRESO', 'USUARIO INGRESO CORRECTAMENTE A INDEX[INGRESO: INGRESO_OK_INDEX]', 'index.php', '2020-02-06 22:25:12'),
('INGRESO_OK_INDEX', ' dog', 'INGRESO', 'USUARIO INGRESO CORRECTAMENTE A INDEX[INGRESO: INGRESO_OK_INDEX]', 'index.php', '2020-02-06 22:25:13'),
('INGRESO_OK_INDEX', ' dog', 'INGRESO', 'USUARIO INGRESO CORRECTAMENTE A INDEX[INGRESO: INGRESO_OK_INDEX]', 'index.php', '2020-02-06 22:25:14'),
('INGRESO_OK_INDEX', ' dog', 'INGRESO', 'USUARIO INGRESO CORRECTAMENTE A INDEX[INGRESO: INGRESO_OK_INDEX]', 'index.php', '2020-02-06 22:25:15'),
('INGRESO_OK_INDEX', ' dog', 'INGRESO', 'USUARIO INGRESO CORRECTAMENTE A INDEX[INGRESO: INGRESO_OK_INDEX]', 'index.php', '2020-02-06 22:25:16'),
('INGRESO_OK_INDEX', ' dog', 'INGRESO', 'USUARIO INGRESO CORRECTAMENTE A INDEX[INGRESO: INGRESO_OK_INDEX]', 'index.php', '2020-02-06 22:25:17'),
('INGRESO_OK_INDEX', ' dog', 'INGRESO', 'USUARIO INGRESO CORRECTAMENTE A INDEX[INGRESO: INGRESO_OK_INDEX]', 'index.php', '2020-02-06 22:25:17'),
('INGRESO_OK_INDEX', ' dog', 'INGRESO', 'USUARIO INGRESO CORRECTAMENTE A INDEX[INGRESO: INGRESO_OK_INDEX]', 'index.php', '2020-02-06 22:25:18'),
('INGRESO_OK_INDEX', ' dog', 'INGRESO', 'USUARIO INGRESO CORRECTAMENTE A INDEX[INGRESO: INGRESO_OK_INDEX]', 'index.php', '2020-02-06 22:26:36'),
('INGRESO_OK_INDEX', ' dog', 'INGRESO', 'USUARIO INGRESO CORRECTAMENTE A INDEX[INGRESO: INGRESO_OK_INDEX]', 'index.php', '2020-02-06 22:26:38'),
('INGRESO_OK_INDEX', ' dog', 'INGRESO', 'USUARIO INGRESO CORRECTAMENTE A INDEX[INGRESO: INGRESO_OK_INDEX]', 'index.php', '2020-02-06 22:26:39'),
('INGRESO_OK_INDEX', ' dog', 'INGRESO', 'USUARIO INGRESO CORRECTAMENTE A INDEX[INGRESO: INGRESO_OK_INDEX]', 'index.php', '2020-02-06 22:26:39'),
('INGRESO_OK_INDEX', ' dog', 'INGRESO', 'USUARIO INGRESO CORRECTAMENTE A INDEX[INGRESO: INGRESO_OK_INDEX]', 'index.php', '2020-02-06 22:26:40'),
('INGRESO_OK_INDEX', ' dog', 'INGRESO', 'USUARIO INGRESO CORRECTAMENTE A INDEX[INGRESO: INGRESO_OK_INDEX]', 'index.php', '2020-02-06 22:27:51'),
('INGRESO_OK_INDEX', ' dog', 'INGRESO', 'USUARIO INGRESO CORRECTAMENTE A INDEX[INGRESO: INGRESO_OK_INDEX]', 'index.php', '2020-02-06 22:28:04'),
('INGRESO_OK_PRODUCTO', ' dog', 'INGRESO', 'USUARIO INGRESO CORRECTAMENTE A PRODUCTO[INGRESO: INGRESO_OK_PRODUCTO]', 'product.php', '2020-02-06 22:28:23'),
('INGRESO_OK_INDEX', ' dog', 'INGRESO', 'USUARIO INGRESO CORRECTAMENTE A INDEX[INGRESO: INGRESO_OK_INDEX]', 'index.php', '2020-02-06 22:28:27'),
('INGRESO_OK_INDEX', ' dog', 'INGRESO', 'USUARIO INGRESO CORRECTAMENTE A INDEX[INGRESO: INGRESO_OK_INDEX]', 'index.php', '2020-02-06 22:28:35'),
('INGRESO_OK_INDEX', ' dog', 'INGRESO', 'USUARIO INGRESO CORRECTAMENTE A INDEX[INGRESO: INGRESO_OK_INDEX]', 'index.php', '2020-02-06 22:28:52'),
('INGRESO_OK_PRODUCTO', ' dog', 'INGRESO', 'USUARIO INGRESO CORRECTAMENTE A PRODUCTO[INGRESO: INGRESO_OK_PRODUCTO]', 'product.php', '2020-02-06 22:29:11'),
('INGRESO_OK_PRODUCTO', ' dog', 'INGRESO', 'USUARIO INGRESO CORRECTAMENTE A PRODUCTO[INGRESO: INGRESO_OK_PRODUCTO]', 'product.php', '2020-02-06 22:36:34'),
('INGRESO_OK_INDEX', ' dog', 'INGRESO', 'USUARIO INGRESO CORRECTAMENTE A INDEX[INGRESO: INGRESO_OK_INDEX]', 'index.php', '2020-02-06 22:36:37'),
('INGRESO_OK_INDEX', ' dog', 'INGRESO', 'USUARIO INGRESO CORRECTAMENTE A INDEX[INGRESO: INGRESO_OK_INDEX]', 'index.php', '2020-02-06 22:37:16'),
('INGRESO_OK_INDEX', ' dog', 'INGRESO', 'USUARIO INGRESO CORRECTAMENTE A INDEX[INGRESO: INGRESO_OK_INDEX]', 'index.php', '2020-02-06 22:38:33'),
('INGRESO_OK_INDEX', ' dog', 'INGRESO', 'USUARIO INGRESO CORRECTAMENTE A INDEX[INGRESO: INGRESO_OK_INDEX]', 'index.php', '2020-02-06 22:38:35'),
('INGRESO_OK_INDEX', ' dog', 'INGRESO', 'USUARIO INGRESO CORRECTAMENTE A INDEX[INGRESO: INGRESO_OK_INDEX]', 'index.php', '2020-02-06 22:39:42'),
('INGRESO_OK_INDEX', ' dog', 'INGRESO', 'USUARIO INGRESO CORRECTAMENTE A INDEX[INGRESO: INGRESO_OK_INDEX]', 'index.php', '2020-02-06 22:39:44'),
('INGRESO_OK_INDEX', ' dog', 'INGRESO', 'USUARIO INGRESO CORRECTAMENTE A INDEX[INGRESO: INGRESO_OK_INDEX]', 'index.php', '2020-02-06 22:39:47'),
('INGRESO_OK_INDEX', ' dog', 'INGRESO', 'USUARIO INGRESO CORRECTAMENTE A INDEX[INGRESO: INGRESO_OK_INDEX]', 'index.php', '2020-02-06 22:40:08'),
('INGRESO_OK_PEDIDO', ' ', 'INGRESO', 'USUARIO INGRESO CORRECTAMENTE A PEDIDO[INGRESO: INGRESO_OK_PEDIDO]', 'pedido.php', '2020-02-06 22:41:06'),
('INGRESO_OK_PRODUCTO', ' dog', 'INGRESO', 'USUARIO INGRESO CORRECTAMENTE A PRODUCTO[INGRESO: INGRESO_OK_PRODUCTO]', 'product.php', '2020-02-06 22:42:19'),
('INGRESO_OK_PEDIDO', ' ', 'INGRESO', 'USUARIO INGRESO CORRECTAMENTE A PEDIDO[INGRESO: INGRESO_OK_PEDIDO]', 'pedido.php', '2020-02-06 22:42:25'),
('LOGIN_OK_ADMIN', 'admin', 'INGRESO', 'USUARIO INGRESO CORRECTAMENTE [INGRESO: LOGIN_OK_ADMIN]', 'login.php', '2020-02-06 22:43:03'),
('LOGIN_OK_ADMIN', 'admin', 'INGRESO', 'USUARIO INGRESO CORRECTAMENTE [INGRESO: LOGIN_OK_ADMIN]', 'login.php', '2020-02-06 22:43:05'),
('INGRESO_OK_INDEX', 'admin dog', 'INGRESO', 'USUARIO INGRESO CORRECTAMENTE A INDEX[INGRESO: INGRESO_OK_INDEX]', 'index.php', '2020-02-06 22:43:05'),
('INGRESO_OK_INDEX', 'admin dog', 'INGRESO', 'USUARIO INGRESO CORRECTAMENTE A INDEX[INGRESO: INGRESO_OK_INDEX]', 'index.php', '2020-02-06 22:43:05'),
('INGRESO_OK_INDEX', 'admin dog', 'INGRESO', 'USUARIO INGRESO CORRECTAMENTE A INDEX[INGRESO: INGRESO_OK_INDEX]', 'index.php', '2020-02-06 22:44:17'),
('CAMBIO_LENGUAJE', 'admin dog', 'INGRESO', 'USUARIO CAMBIO CAMBIO EL LENGUAJE EXITOSAMENTE [INGRESO: CAMBIO_LENGUAJE]', 'changelanguage.php', '2020-02-06 22:44:29'),
('INGRESO_OK_INDEX', 'admin dog', 'INGRESO', 'USUARIO INGRESO CORRECTAMENTE A INDEX[INGRESO: INGRESO_OK_INDEX]', 'index.php', '2020-02-06 22:44:29'),
('INGRESO_OK_CONFIGADMIN', 'admin', 'INGRESO', 'USUARIO INGRESO CORRECTAMENTE [INGRESO: INGRESO_OK_CONFIGADMIN]', 'configAdmin.php', '2020-02-06 22:44:38'),
('INGRESO_OK_INDEX', 'admin dog', 'INGRESO', 'USUARIO INGRESO CORRECTAMENTE A INDEX[INGRESO: INGRESO_OK_INDEX]', 'index.php', '2020-02-06 22:49:57'),
('CAMBIO_LENGUAJE', 'admin dog', 'INGRESO', 'USUARIO CAMBIO CAMBIO EL LENGUAJE EXITOSAMENTE [INGRESO: CAMBIO_LENGUAJE]', 'changelanguage.php', '2020-02-06 22:51:55'),
('INGRESO_OK_INDEX', 'admin dog', 'INGRESO', 'USUARIO INGRESO CORRECTAMENTE A INDEX[INGRESO: INGRESO_OK_INDEX]', 'index.php', '2020-02-06 22:51:55'),
('CAMBIO_LENGUAJE', ' dog', 'INGRESO', 'USUARIO CAMBIO CAMBIO EL LENGUAJE EXITOSAMENTE [INGRESO: CAMBIO_LENGUAJE]', 'changelanguage.php', '2020-02-06 22:53:44'),
('INGRESO_OK_INDEX', 'admin dog', 'INGRESO', 'USUARIO INGRESO CORRECTAMENTE A INDEX[INGRESO: INGRESO_OK_INDEX]', 'index.php', '2020-02-06 22:53:44'),
('CAMBIO_LENGUAJE', ' dog', 'INGRESO', 'USUARIO CAMBIO CAMBIO EL LENGUAJE EXITOSAMENTE [INGRESO: CAMBIO_LENGUAJE]', 'changelanguage.php', '2020-02-06 22:53:45'),
('INGRESO_OK_INDEX', 'admin dog', 'INGRESO', 'USUARIO INGRESO CORRECTAMENTE A INDEX[INGRESO: INGRESO_OK_INDEX]', 'index.php', '2020-02-06 22:53:46'),
('INGRESO_OK_CONFIGADMIN', 'admin', 'INGRESO', 'USUARIO INGRESO CORRECTAMENTE [INGRESO: INGRESO_OK_CONFIGADMIN]', 'configAdmin.php', '2020-02-07 10:12:39'),
('INGRESO_OK_CONFIGADMIN', 'admin', 'INGRESO', 'USUARIO INGRESO CORRECTAMENTE [INGRESO: INGRESO_OK_CONFIGADMIN]', 'configAdmin.php', '2020-02-07 10:12:42'),
('INGRESO_OK_REQUERIMIENTO_LENGUAJE', 'admin ', 'INGRESO', 'USUARIO INGRESO CORRECTAMENTE A INGRESO_REQUERIMIENTO_LENGUAJE[INGRESO: INGRESO_OK_REQUERIMIENTO_LENGUAJE]', 'index.php', '2020-02-07 10:46:12'),
('INGRESO_OK_REQUERIMIENTO_LENGUAJE', 'admin ', 'INGRESO', 'USUARIO INGRESO CORRECTAMENTE A INGRESO_REQUERIMIENTO_LENGUAJE[INGRESO: INGRESO_OK_REQUERIMIENTO_LENGUAJE]', 'index.php', '2020-02-07 10:47:13'),
('INGRESO_OK_REQUERIMIENTO_LENGUAJE', 'admin ', 'INGRESO', 'USUARIO INGRESO CORRECTAMENTE A INGRESO_REQUERIMIENTO_LENGUAJE[INGRESO: INGRESO_OK_REQUERIMIENTO_LENGUAJE]', 'index.php', '2020-02-07 10:47:14'),
('INGRESO_OK_REQUERIMIENTO_LENGUAJE', 'admin ', 'INGRESO', 'USUARIO INGRESO CORRECTAMENTE A INGRESO_REQUERIMIENTO_LENGUAJE[INGRESO: INGRESO_OK_REQUERIMIENTO_LENGUAJE]', 'index.php', '2020-02-07 10:47:33'),
('INGRESO_OK_REQUERIMIENTO_LENGUAJE', 'admin ', 'INGRESO', 'USUARIO INGRESO CORRECTAMENTE A INGRESO_REQUERIMIENTO_LENGUAJE[INGRESO: INGRESO_OK_REQUERIMIENTO_LENGUAJE]', 'index.php', '2020-02-07 10:47:35'),
('INGRESO_OK_REQUERIMIENTO_LENGUAJE', 'admin ', 'INGRESO', 'USUARIO INGRESO CORRECTAMENTE A INGRESO_REQUERIMIENTO_LENGUAJE[INGRESO: INGRESO_OK_REQUERIMIENTO_LENGUAJE]', 'index.php', '2020-02-07 10:49:47'),
('INGRESO_OK_REQUERIMIENTO_LENGUAJE', 'admin ', 'INGRESO', 'USUARIO INGRESO CORRECTAMENTE A INGRESO_REQUERIMIENTO_LENGUAJE[INGRESO: INGRESO_OK_REQUERIMIENTO_LENGUAJE]', 'index.php', '2020-02-07 10:49:48'),
('INGRESO_OK_REQUERIMIENTO_LENGUAJE', 'admin ', 'INGRESO', 'USUARIO INGRESO CORRECTAMENTE A INGRESO_REQUERIMIENTO_LENGUAJE[INGRESO: INGRESO_OK_REQUERIMIENTO_LENGUAJE]', 'index.php', '2020-02-07 10:49:48'),
('INGRESO_OK_REQUERIMIENTO_LENGUAJE', 'admin ', 'INGRESO', 'USUARIO INGRESO CORRECTAMENTE A INGRESO_REQUERIMIENTO_LENGUAJE[INGRESO: INGRESO_OK_REQUERIMIENTO_LENGUAJE]', 'index.php', '2020-02-07 10:49:48'),
('INGRESO_OK_REQUERIMIENTO_LENGUAJE', 'admin ', 'INGRESO', 'USUARIO INGRESO CORRECTAMENTE A INGRESO_REQUERIMIENTO_LENGUAJE[INGRESO: INGRESO_OK_REQUERIMIENTO_LENGUAJE]', 'index.php', '2020-02-07 10:49:48'),
('INGRESO_OK_INDEX', 'admin ', 'INGRESO', 'USUARIO INGRESO CORRECTAMENTE A INDEX[INGRESO: INGRESO_OK_INDEX]', 'index.php', '2020-02-07 10:50:56'),
('INGRESO_OK_INDEX', ' ', 'INGRESO', 'USUARIO INGRESO CORRECTAMENTE A INDEX[INGRESO: INGRESO_OK_INDEX]', 'index.php', '2020-02-07 10:52:55'),
('INGRESO_OK_INDEX', ' ', 'INGRESO', 'USUARIO INGRESO CORRECTAMENTE A INDEX[INGRESO: INGRESO_OK_INDEX]', 'index.php', '2020-02-07 10:58:11'),
('INGRESO_OK_INDEX', ' ', 'INGRESO', 'USUARIO INGRESO CORRECTAMENTE A INDEX[INGRESO: INGRESO_OK_INDEX]', 'index.php', '2020-02-07 11:00:15'),
('login_2', 'admin', 'ERROR', 'Error nombre o contraseña invalido [ERROR: login_2]', 'login.php', '2020-02-07 11:00:23'),
('login_1', 'admin', 'ERROR', 'Error nombre o contraseña invalido [ERROR: login_1]', 'login.php', '2020-02-07 11:00:31'),
('LOGIN_OK_ADMIN', 'admin', 'INGRESO', 'USUARIO INGRESO CORRECTAMENTE [INGRESO: LOGIN_OK_ADMIN]', 'login.php', '2020-02-07 11:00:51'),
('INGRESO_OK_INDEX', 'admin ', 'INGRESO', 'USUARIO INGRESO CORRECTAMENTE A INDEX[INGRESO: INGRESO_OK_INDEX]', 'index.php', '2020-02-07 11:00:51'),
('INGRESO_OK_INDEX', ' ', 'INGRESO', 'USUARIO INGRESO CORRECTAMENTE A INDEX[INGRESO: INGRESO_OK_INDEX]', 'index.php', '2020-02-07 11:02:15'),
('LOGIN_OK_ADMIN', 'admin', 'INGRESO', 'USUARIO INGRESO CORRECTAMENTE [INGRESO: LOGIN_OK_ADMIN]', 'login.php', '2020-02-07 11:02:25'),
('INGRESO_OK_INDEX', 'admin ', 'INGRESO', 'USUARIO INGRESO CORRECTAMENTE A INDEX[INGRESO: INGRESO_OK_INDEX]', 'index.php', '2020-02-07 11:02:25'),
('INGRESO_OK_INDEX', ' ', 'INGRESO', 'USUARIO INGRESO CORRECTAMENTE A INDEX[INGRESO: INGRESO_OK_INDEX]', 'index.php', '2020-02-07 11:02:29'),
('login_2', 'cfsdvc', 'ERROR', 'Error nombre o contraseña invalido [ERROR: login_2]', 'login.php', '2020-02-07 11:03:09'),
('login_1', 'cfsdvc', 'ERROR', 'Error nombre o contraseña invalido [ERROR: login_1]', 'login.php', '2020-02-07 11:03:14'),
('LOGIN_OK_ADMIN', 'admin', 'INGRESO', 'USUARIO INGRESO CORRECTAMENTE [INGRESO: LOGIN_OK_ADMIN]', 'login.php', '2020-02-07 11:03:52'),
('INGRESO_OK_INDEX', 'admin ', 'INGRESO', 'USUARIO INGRESO CORRECTAMENTE A INDEX[INGRESO: INGRESO_OK_INDEX]', 'index.php', '2020-02-07 11:03:52'),
('INGRESO_OK_PRODUCTO', 'admin ', 'INGRESO', 'USUARIO INGRESO CORRECTAMENTE A PRODUCTO[INGRESO: INGRESO_OK_PRODUCTO]', 'product.php', '2020-02-07 11:03:53'),
('INGRESO_OK_PRODUCTO', 'admin ', 'INGRESO', 'USUARIO INGRESO CORRECTAMENTE A PRODUCTO[INGRESO: INGRESO_OK_PRODUCTO]', 'product.php', '2020-02-07 11:04:24'),
('INGRESO_OK_PRODUCTO', 'admin ', 'INGRESO', 'USUARIO INGRESO CORRECTAMENTE A PRODUCTO[INGRESO: INGRESO_OK_PRODUCTO]', 'product.php', '2020-02-07 11:04:25'),
('INGRESO_OK_PRODUCTO', 'admin ', 'INGRESO', 'USUARIO INGRESO CORRECTAMENTE A PRODUCTO[INGRESO: INGRESO_OK_PRODUCTO]', 'product.php', '2020-02-07 11:04:27'),
('INGRESO_OK_PRODUCTO', ' ', 'INGRESO', 'USUARIO INGRESO CORRECTAMENTE A PRODUCTO[INGRESO: INGRESO_OK_PRODUCTO]', 'product.php', '2020-02-07 11:04:35'),
('INGRESO_OK_PRODUCTO', ' ', 'INGRESO', 'USUARIO INGRESO CORRECTAMENTE A PRODUCTO[INGRESO: INGRESO_OK_PRODUCTO]', 'product.php', '2020-02-07 11:04:36'),
('INGRESO_OK_PRODUCTO', ' ', 'INGRESO', 'USUARIO INGRESO CORRECTAMENTE A PRODUCTO[INGRESO: INGRESO_OK_PRODUCTO]', 'product.php', '2020-02-07 11:05:04'),
('INGRESO_OK_PRODUCTO', 'admin ', 'INGRESO', 'USUARIO INGRESO CORRECTAMENTE A PRODUCTO[INGRESO: INGRESO_OK_PRODUCTO]', 'product.php', '2020-02-07 11:06:26'),
('INGRESO_OK_PRODUCTO', 'admin ', 'INGRESO', 'USUARIO INGRESO CORRECTAMENTE A PRODUCTO[INGRESO: INGRESO_OK_PRODUCTO]', 'product.php', '2020-02-07 11:06:46'),
('INGRESO_OK_INDEX', 'admin ', 'INGRESO', 'USUARIO INGRESO CORRECTAMENTE A INDEX[INGRESO: INGRESO_OK_INDEX]', 'index.php', '2020-02-07 11:06:53'),
('INGRESO_OK_PEDIDO', 'admin ', 'INGRESO', 'USUARIO INGRESO CORRECTAMENTE A PEDIDO[INGRESO: INGRESO_OK_PEDIDO]', 'pedido.php', '2020-02-07 11:07:02'),
('INGRESO_OK_PRODUCTO', 'admin ', 'INGRESO', 'USUARIO INGRESO CORRECTAMENTE A PRODUCTO[INGRESO: INGRESO_OK_PRODUCTO]', 'product.php', '2020-02-07 11:07:04'),
('INGRESO_OK_INDEX', ' ', 'INGRESO', 'USUARIO INGRESO CORRECTAMENTE A INDEX[INGRESO: INGRESO_OK_INDEX]', 'index.php', '2020-02-07 11:07:07'),
('INGRESO_OK_RESGISTRO', ' ', 'INGRESO', 'USUARIO INGRESO CORRECTAMENTE REGISTRO[INGRESO: INGRESO_OK_RESGISTRO]', 'registration.php', '2020-02-07 11:07:10'),
('INGRESO_OK_RESGISTRO', ' ', 'INGRESO', 'USUARIO INGRESO CORRECTAMENTE REGISTRO[INGRESO: INGRESO_OK_RESGISTRO]', 'registration.php', '2020-02-07 11:08:09'),
('INGRESO_OK_RESGISTRO', ' ', 'INGRESO', 'USUARIO INGRESO CORRECTAMENTE REGISTRO[INGRESO: INGRESO_OK_RESGISTRO]', 'registration.php', '2020-02-07 11:08:10'),
('INGRESO_OK_RESGISTRO', 'usuario', 'INGRESO', 'USUARIO INGRESO CORRECTAMENTE REGISTRO[INGRESO: INGRESO_OK_RESGISTRO]', 'registration.php', '2020-02-07 11:08:38'),
('INGRESO_OK_RESGISTRO', 'usuario1', 'INGRESO', 'USUARIO INGRESO CORRECTAMENTE REGISTRO[INGRESO: INGRESO_OK_RESGISTRO]', 'registration.php', '2020-02-07 11:08:51'),
('INGRESO_OK_PRODUCTO', ' ', 'INGRESO', 'USUARIO INGRESO CORRECTAMENTE A PRODUCTO[INGRESO: INGRESO_OK_PRODUCTO]', 'product.php', '2020-02-07 11:08:53'),
('INGRESO_OK_PRODUCTO', ' ', 'INGRESO', 'USUARIO INGRESO CORRECTAMENTE A PRODUCTO[INGRESO: INGRESO_OK_PRODUCTO]', 'product.php', '2020-02-07 11:09:17'),
('INGRESO_OK_PRODUCTO', ' ', 'INGRESO', 'USUARIO INGRESO CORRECTAMENTE A PRODUCTO[INGRESO: INGRESO_OK_PRODUCTO]', 'product.php', '2020-02-07 11:09:18'),
('INGRESO_OK_PRODUCTO', ' ', 'INGRESO', 'USUARIO INGRESO CORRECTAMENTE A PRODUCTO[INGRESO: INGRESO_OK_PRODUCTO]', 'product.php', '2020-02-07 11:10:07'),
('INGRESO_OK_INDEX', ' ', 'INGRESO', 'USUARIO INGRESO CORRECTAMENTE A INDEX[INGRESO: INGRESO_OK_INDEX]', 'index.php', '2020-02-07 11:10:20'),
('INGRESO_OK_INDEX', ' ', 'INGRESO', 'USUARIO INGRESO CORRECTAMENTE A INDEX[INGRESO: INGRESO_OK_INDEX]', 'index.php', '2020-02-07 11:10:22'),
('INGRESO_OK_PRODUCTO', 'Usuario1', 'INGRESO', 'USUARIO INGRESO CORRECTAMENTE A PRODUCTO[INGRESO: INGRESO_OK_PRODUCTO]', 'product.php', '2020-02-07 11:11:13'),
('INGRESO_OK_PRODUCTO', '', 'INGRESO', 'USUARIO INGRESO CORRECTAMENTE A PRODUCTO[INGRESO: INGRESO_OK_PRODUCTO]', 'product.php', '2020-02-07 11:15:11'),
('INGRESO_OK_PRODUCTO', '', 'INGRESO', 'USUARIO INGRESO CORRECTAMENTE A PRODUCTO[INGRESO: INGRESO_OK_PRODUCTO]', 'product.php', '2020-02-07 11:15:12'),
('login_2', 'dog', 'ERROR', 'Error nombre o contraseña invalido [ERROR: login_2]', 'login.php', '2020-02-07 11:15:21'),
('INGRESO_OK_RESGISTRO', 'usuario1', 'INGRESO', 'USUARIO INGRESO CORRECTAMENTE REGISTRO[INGRESO: INGRESO_OK_RESGISTRO]', 'registration.php', '2020-02-07 11:15:45'),
('login_2', 'dod', 'ERROR', 'Error nombre o contraseña invalido [ERROR: login_2]', 'login.php', '2020-02-07 11:21:02'),
('LOGIN_OK_ADMIN', 'admin', 'INGRESO', 'USUARIO INGRESO CORRECTAMENTE [INGRESO: LOGIN_OK_ADMIN]', 'login.php', '2020-02-07 11:21:21'),
('INGRESO_OK_INDEX', 'admin ', 'INGRESO', 'USUARIO INGRESO CORRECTAMENTE A INDEX[INGRESO: INGRESO_OK_INDEX]', 'index.php', '2020-02-07 11:21:21'),
('INGRESO_OK_CONFIGADMIN', 'admin', 'INGRESO', 'USUARIO INGRESO CORRECTAMENTE [INGRESO: INGRESO_OK_CONFIGADMIN]', 'configAdmin.php', '2020-02-07 11:21:54'),
('INGRESO_OK_INDEX', ' ', 'INGRESO', 'USUARIO INGRESO CORRECTAMENTE A INDEX[INGRESO: INGRESO_OK_INDEX]', 'index.php', '2020-02-07 11:22:22'),
('INGRESO_OK_PRODUCTO', '', 'INGRESO', 'USUARIO INGRESO CORRECTAMENTE A PRODUCTO[INGRESO: INGRESO_OK_PRODUCTO]', 'index.php', '2020-02-07 11:23:41'),
('INGRESO_OK_PRODUCTO', '', 'INGRESO', 'USUARIO INGRESO CORRECTAMENTE A PRODUCTO[INGRESO: INGRESO_OK_PRODUCTO]', 'product.php', '2020-02-07 11:23:44'),
('INGRESO_OK_PRODUCTO', '', 'INGRESO', 'USUARIO INGRESO CORRECTAMENTE A PRODUCTO[INGRESO: INGRESO_OK_PRODUCTO]', 'index.php', '2020-02-07 11:23:45'),
('INGRESO_OK_PRODUCTO', '', 'INGRESO', 'USUARIO INGRESO CORRECTAMENTE A PRODUCTO[INGRESO: INGRESO_OK_PRODUCTO]', 'index.php', '2020-02-07 11:24:41'),
('INGRESO_OK_PRODUCTO', '', 'INGRESO', 'USUARIO INGRESO CORRECTAMENTE A PRODUCTO[INGRESO: INGRESO_OK_PRODUCTO]', 'index.php', '2020-02-07 11:24:42'),
('INGRESO_OK_PRODUCTO', 'Usuario1', 'INGRESO', 'USUARIO INGRESO CORRECTAMENTE A PRODUCTO[INGRESO: INGRESO_OK_PRODUCTO]', 'index.php', '2020-02-07 11:25:26'),
('INGRESO_OK_PRODUCTO', 'Usuario1', 'INGRESO', 'USUARIO INGRESO CORRECTAMENTE A PRODUCTO[INGRESO: INGRESO_OK_PRODUCTO]', 'index.php', '2020-02-07 11:25:27'),
('INGRESO_OK_PRODUCTO', '', 'INGRESO', 'USUARIO INGRESO CORRECTAMENTE A PRODUCTO[INGRESO: INGRESO_OK_PRODUCTO]', 'product.php', '2020-02-07 11:25:27'),
('INGRESO_OK_PRODUCTO', 'Usuario1', 'INGRESO', 'USUARIO INGRESO CORRECTAMENTE A PRODUCTO[INGRESO: INGRESO_OK_PRODUCTO]', 'index.php', '2020-02-07 11:25:28'),
('LOGIN_OK_ADMIN', 'admin', 'INGRESO', 'USUARIO INGRESO CORRECTAMENTE [INGRESO: LOGIN_OK_ADMIN]', 'login.php', '2020-02-07 11:25:56'),
('INGRESO_OK_PRODUCTO', 'Admin', 'INGRESO', 'USUARIO INGRESO CORRECTAMENTE A PRODUCTO[INGRESO: INGRESO_OK_PRODUCTO]', 'index.php', '2020-02-07 11:25:56'),
('INGRESO_OK_PRODUCTO', 'Admin', 'INGRESO', 'USUARIO INGRESO CORRECTAMENTE A PRODUCTO[INGRESO: INGRESO_OK_PRODUCTO]', 'index.php', '2020-02-07 11:25:58'),
('INGRESO_OK_PRODUCTO', 'Admin', 'INGRESO', 'USUARIO INGRESO CORRECTAMENTE A PRODUCTO[INGRESO: INGRESO_OK_PRODUCTO]', 'product.php', '2020-02-07 11:27:09'),
('INGRESO_OK_PRODUCTO', 'Usuario1', 'INGRESO', 'USUARIO INGRESO CORRECTAMENTE A PRODUCTO[INGRESO: INGRESO_OK_PRODUCTO]', 'index.php', '2020-02-07 11:29:14'),
('INGRESO_OK_RESGISTRO', 'usuario1', 'INGRESO', 'USUARIO INGRESO CORRECTAMENTE REGISTRO[INGRESO: INGRESO_OK_RESGISTRO]', 'registration.php', '2020-02-07 11:29:15'),
('INGRESO_OK_PRODUCTO', 'Usuario1', 'INGRESO', 'USUARIO INGRESO CORRECTAMENTE A PRODUCTO[INGRESO: INGRESO_OK_PRODUCTO]', 'index.php', '2020-02-07 11:31:51'),
('INGRESO_OK_PRODUCTO', 'Usuario1', 'INGRESO', 'USUARIO INGRESO CORRECTAMENTE A PRODUCTO[INGRESO: INGRESO_OK_PRODUCTO]', 'product.php', '2020-02-07 11:31:53'),
('INGRESO_OK_PEDIDO', ' dog', 'INGRESO', 'USUARIO INGRESO CORRECTAMENTE A PEDIDO[INGRESO: INGRESO_OK_PEDIDO]', 'pedido.php', '2020-02-07 11:31:55'),
('INGRESO_OK_PRODUCTO', 'Usuario1', 'INGRESO', 'USUARIO INGRESO CORRECTAMENTE A PRODUCTO[INGRESO: INGRESO_OK_PRODUCTO]', 'product.php', '2020-02-07 11:31:57'),
('INGRESO_OK_PRODUCTO', 'Usuario1', 'INGRESO', 'USUARIO INGRESO CORRECTAMENTE A PRODUCTO[INGRESO: INGRESO_OK_PRODUCTO]', 'index.php', '2020-02-07 11:31:58'),
('INGRESO_OK_PRODUCTO', '', 'INGRESO', 'USUARIO INGRESO CORRECTAMENTE A PRODUCTO[INGRESO: INGRESO_OK_PRODUCTO]', 'index.php', '2020-02-07 11:32:53'),
('INGRESO_OK_PEDIDO', ' dog', 'INGRESO', 'USUARIO INGRESO CORRECTAMENTE A PEDIDO[INGRESO: INGRESO_OK_PEDIDO]', 'pedido.php', '2020-02-07 11:32:55'),
('INGRESO_OK_PRODUCTO', 'Usuario1', 'INGRESO', 'USUARIO INGRESO CORRECTAMENTE A PRODUCTO[INGRESO: INGRESO_OK_PRODUCTO]', 'product.php', '2020-02-07 11:32:56'),
('INGRESO_OK_PRODUCTO', '', 'INGRESO', 'USUARIO INGRESO CORRECTAMENTE A PRODUCTO[INGRESO: INGRESO_OK_PRODUCTO]', 'index.php', '2020-02-07 11:32:57'),
('INGRESO_OK_PRODUCTO', 'Usuario1', 'INGRESO', 'USUARIO INGRESO CORRECTAMENTE A PRODUCTO[INGRESO: INGRESO_OK_PRODUCTO]', 'product.php', '2020-02-07 11:32:57'),
('INGRESO_OK_PRODUCTO', '', 'INGRESO', 'USUARIO INGRESO CORRECTAMENTE A PRODUCTO[INGRESO: INGRESO_OK_PRODUCTO]', 'product.php', '2020-02-07 11:36:49'),
('INGRESO_OK_PRODUCTO', '', 'INGRESO', 'USUARIO INGRESO CORRECTAMENTE A PRODUCTO[INGRESO: INGRESO_OK_PRODUCTO]', 'index.php', '2020-02-07 11:36:50'),
('INGRESO_OK_PRODUCTO', '', 'INGRESO', 'USUARIO INGRESO CORRECTAMENTE A PRODUCTO[INGRESO: INGRESO_OK_PRODUCTO]', 'product.php', '2020-02-07 11:36:51'),
('INGRESO_OK_PRODUCTO', '', 'INGRESO', 'USUARIO INGRESO CORRECTAMENTE A PRODUCTO[INGRESO: INGRESO_OK_PRODUCTO]', 'index.php', '2020-02-07 11:36:52'),
('INGRESO_OK_PRODUCTO', '', 'INGRESO', 'USUARIO INGRESO CORRECTAMENTE A PRODUCTO[INGRESO: INGRESO_OK_PRODUCTO]', 'index.php', '2020-02-07 11:38:23'),
('INGRESO_OK_PRODUCTO', '', 'INGRESO', 'USUARIO INGRESO CORRECTAMENTE A PRODUCTO[INGRESO: INGRESO_OK_PRODUCTO]', 'product.php', '2020-02-07 11:38:24'),
('INGRESO_OK_PRODUCTO', '', 'INGRESO', 'USUARIO INGRESO CORRECTAMENTE A PRODUCTO[INGRESO: INGRESO_OK_PRODUCTO]', 'index.php', '2020-02-07 11:38:25'),
('INGRESO_OK_PRODUCTO', '', 'INGRESO', 'USUARIO INGRESO CORRECTAMENTE A PRODUCTO[INGRESO: INGRESO_OK_PRODUCTO]', 'index.php', '2020-02-07 11:41:46'),
('INGRESO_OK_PRODUCTO', '', 'INGRESO', 'USUARIO INGRESO CORRECTAMENTE A PRODUCTO[INGRESO: INGRESO_OK_PRODUCTO]', 'index.php', '2020-02-07 11:45:16'),
('INGRESO_OK_PRODUCTO', '', 'INGRESO', 'USUARIO INGRESO CORRECTAMENTE A PRODUCTO[INGRESO: INGRESO_OK_PRODUCTO]', 'index.php', '2020-02-07 11:49:49'),
('INGRESO_OK_PRODUCTO', '', 'INGRESO', 'USUARIO INGRESO CORRECTAMENTE A PRODUCTO[INGRESO: INGRESO_OK_PRODUCTO]', 'index.php', '2020-02-07 11:49:50'),
('INGRESO_OK_PRODUCTO', '', 'INGRESO', 'USUARIO INGRESO CORRECTAMENTE A PRODUCTO[INGRESO: INGRESO_OK_PRODUCTO]', 'index.php', '2020-02-07 11:49:51'),
('INGRESO_OK_PRODUCTO', '', 'INGRESO', 'USUARIO INGRESO CORRECTAMENTE A PRODUCTO[INGRESO: INGRESO_OK_PRODUCTO]', 'product.php', '2020-02-07 11:52:12'),
('INGRESO_OK_RESGISTRO', 'usuario1', 'INGRESO', 'USUARIO INGRESO CORRECTAMENTE REGISTRO[INGRESO: INGRESO_OK_RESGISTRO]', 'registration.php', '2020-02-07 11:52:13'),
('INGRESO_OK_PRODUCTO', '', 'INGRESO', 'USUARIO INGRESO CORRECTAMENTE A PRODUCTO[INGRESO: INGRESO_OK_PRODUCTO]', 'index.php', '2020-02-07 11:52:22'),
('INGRESO_OK_PRODUCTO', '', 'INGRESO', 'USUARIO INGRESO CORRECTAMENTE A PRODUCTO[INGRESO: INGRESO_OK_PRODUCTO]', 'index.php', '2020-02-07 11:52:26'),
('INGRESO_OK_PRODUCTO', '', 'INGRESO', 'USUARIO INGRESO CORRECTAMENTE A PRODUCTO[INGRESO: INGRESO_OK_PRODUCTO]', 'index.php', '2020-02-07 11:52:28'),
('login_2', 'asdf', 'ERROR', 'Error nombre o contraseña invalido [ERROR: login_2]', 'login.php', '2020-02-07 11:56:12'),
('INGRESO_OK_PRODUCTO', '', 'INGRESO', 'USUARIO INGRESO CORRECTAMENTE A PRODUCTO[INGRESO: INGRESO_OK_PRODUCTO]', 'index.php', '2020-02-07 11:56:52'),
('INGRESO_OK_PRODUCTO', '', 'INGRESO', 'USUARIO INGRESO CORRECTAMENTE A PRODUCTO[INGRESO: INGRESO_OK_PRODUCTO]', 'product.php', '2020-02-07 11:56:59'),
('INGRESO_OK_PRODUCTO', '', 'INGRESO', 'USUARIO INGRESO CORRECTAMENTE A PRODUCTO[INGRESO: INGRESO_OK_PRODUCTO]', 'index.php', '2020-02-07 11:59:40'),
('INGRESO_OK_PRODUCTO', '', 'INGRESO', 'USUARIO INGRESO CORRECTAMENTE A PRODUCTO[INGRESO: INGRESO_OK_PRODUCTO]', 'index.php', '2020-02-07 11:59:40'),
('INGRESO_OK_PRODUCTO', '', 'INGRESO', 'USUARIO INGRESO CORRECTAMENTE A PRODUCTO[INGRESO: INGRESO_OK_PRODUCTO]', 'product.php', '2020-02-07 11:59:43'),
('INGRESO_OK_PRODUCTO', '', 'INGRESO', 'USUARIO INGRESO CORRECTAMENTE A PRODUCTO[INGRESO: INGRESO_OK_PRODUCTO]', 'product.php', '2020-02-07 12:00:56'),
('INGRESO_OK_PRODUCTO', '', 'INGRESO', 'USUARIO INGRESO CORRECTAMENTE A PRODUCTO[INGRESO: INGRESO_OK_PRODUCTO]', 'index.php', '2020-02-07 12:00:58'),
('INGRESO_OK_PRODUCTO', '', 'INGRESO', 'USUARIO INGRESO CORRECTAMENTE A PRODUCTO[INGRESO: INGRESO_OK_PRODUCTO]', 'product.php', '2020-02-07 12:00:59'),
('INGRESO_OK_PRODUCTO', '', 'INGRESO', 'USUARIO INGRESO CORRECTAMENTE A PRODUCTO[INGRESO: INGRESO_OK_PRODUCTO]', 'index.php', '2020-02-07 12:01:33'),
('INGRESO_OK_PRODUCTO', '', 'INGRESO', 'USUARIO INGRESO CORRECTAMENTE A PRODUCTO[INGRESO: INGRESO_OK_PRODUCTO]', 'index.php', '2020-02-07 12:01:35'),
('INGRESO_OK_PRODUCTO', '', 'INGRESO', 'USUARIO INGRESO CORRECTAMENTE A PRODUCTO[INGRESO: INGRESO_OK_PRODUCTO]', 'index.php', '2020-02-07 12:01:44'),
('INGRESO_OK_PRODUCTO', '', 'INGRESO', 'USUARIO INGRESO CORRECTAMENTE A PRODUCTO[INGRESO: INGRESO_OK_PRODUCTO]', 'index.php', '2020-02-07 12:04:11'),
('INGRESO_OK_PRODUCTO', '', 'INGRESO', 'USUARIO INGRESO CORRECTAMENTE A PRODUCTO[INGRESO: INGRESO_OK_PRODUCTO]', 'index.php', '2020-02-07 12:04:19'),
('INGRESO_OK_PRODUCTO', ' ', 'INGRESO', 'USUARIO INGRESO CORRECTAMENTE A PRODUCTO[INGRESO: INGRESO_OK_PRODUCTO]', 'product.php', '2020-02-07 12:04:20'),
('INGRESO_OK_PRODUCTO', ' ', 'INGRESO', 'USUARIO INGRESO CORRECTAMENTE A PRODUCTO[INGRESO: INGRESO_OK_PRODUCTO]', 'product.php', '2020-02-07 12:09:45'),
('INGRESO_OK_PRODUCTO', '', 'INGRESO', 'USUARIO INGRESO CORRECTAMENTE A PRODUCTO[INGRESO: INGRESO_OK_PRODUCTO]', 'index.php', '2020-02-07 12:09:47'),
('INGRESO_OK_PRODUCTO', ' ', 'INGRESO', 'USUARIO INGRESO CORRECTAMENTE A PRODUCTO[INGRESO: INGRESO_OK_PRODUCTO]', 'product.php', '2020-02-07 12:10:36'),
('INGRESO_OK_PRODUCTO', '', 'INGRESO', 'USUARIO INGRESO CORRECTAMENTE A PRODUCTO[INGRESO: INGRESO_OK_PRODUCTO]', 'index.php', '2020-02-07 12:10:38'),
('LOGIN_OK_ADMIN', 'admin', 'INGRESO', 'USUARIO INGRESO CORRECTAMENTE [INGRESO: LOGIN_OK_ADMIN]', 'login.php', '2020-02-07 12:10:54'),
('INGRESO_OK_PRODUCTO', '', 'INGRESO', 'USUARIO INGRESO CORRECTAMENTE A PRODUCTO[INGRESO: INGRESO_OK_PRODUCTO]', 'index.php', '2020-02-07 12:10:54'),
('INGRESO_OK_PRODUCTO', '', 'INGRESO', 'USUARIO INGRESO CORRECTAMENTE A PRODUCTO[INGRESO: INGRESO_OK_PRODUCTO]', 'product.php', '2020-02-07 12:12:53'),
('INGRESO_OK_PRODUCTO', '', 'INGRESO', 'USUARIO INGRESO CORRECTAMENTE A PRODUCTO[INGRESO: INGRESO_OK_PRODUCTO]', 'index.php', '2020-02-07 12:13:03'),
('INGRESO_OK_PRODUCTO', '', 'INGRESO', 'USUARIO INGRESO CORRECTAMENTE A PRODUCTO[INGRESO: INGRESO_OK_PRODUCTO]', 'index.php', '2020-02-07 12:13:13'),
('INGRESO_OK_PRODUCTO', '', 'INGRESO', 'USUARIO INGRESO CORRECTAMENTE A PRODUCTO[INGRESO: INGRESO_OK_PRODUCTO]', 'product.php', '2020-02-07 12:13:16'),
('INGRESO_OK_PRODUCTO', '', 'INGRESO', 'USUARIO INGRESO CORRECTAMENTE A PRODUCTO[INGRESO: INGRESO_OK_PRODUCTO]', 'index.php', '2020-02-07 12:15:10'),
('LOGIN_OK_ADMIN', 'admin', 'INGRESO', 'USUARIO INGRESO CORRECTAMENTE [INGRESO: LOGIN_OK_ADMIN]', 'login.php', '2020-02-07 12:15:20'),
('INGRESO_OK_PRODUCTO', '', 'INGRESO', 'USUARIO INGRESO CORRECTAMENTE A PRODUCTO[INGRESO: INGRESO_OK_PRODUCTO]', 'index.php', '2020-02-07 12:15:20'),
('INGRESO_OK_PRODUCTO', 'admin', 'INGRESO', 'USUARIO INGRESO CORRECTAMENTE A PRODUCTO[INGRESO: INGRESO_OK_PRODUCTO]', 'product.php', '2020-02-07 12:15:26'),
('INGRESO_OK_PRODUCTO', '', 'INGRESO', 'USUARIO INGRESO CORRECTAMENTE A PRODUCTO[INGRESO: INGRESO_OK_PRODUCTO]', 'index.php', '2020-02-07 12:22:16'),
('INGRESO_OK_PEDIDO', 'admin', 'INGRESO', 'USUARIO INGRESO CORRECTAMENTE A PEDIDO[INGRESO: INGRESO_OK_PEDIDO]', 'pedido.php', '2020-02-07 12:22:36'),
('INGRESO_OK_PRODUCTO', '', 'INGRESO', 'USUARIO INGRESO CORRECTAMENTE A PRODUCTO[INGRESO: INGRESO_OK_PRODUCTO]', 'index.php', '2020-02-07 12:24:07'),
('INGRESO_OK_PRODUCTO', '', 'INGRESO', 'USUARIO INGRESO CORRECTAMENTE A PRODUCTO[INGRESO: INGRESO_OK_PRODUCTO]', 'index.php', '2020-02-07 12:24:16'),
('INGRESO_OK_PEDIDO', '', 'INGRESO', 'USUARIO INGRESO CORRECTAMENTE A PEDIDO[INGRESO: INGRESO_OK_PEDIDO]', 'pedido.php', '2020-02-07 12:24:18'),
('INGRESO_OK_PRODUCTO', '', 'INGRESO', 'USUARIO INGRESO CORRECTAMENTE A PRODUCTO[INGRESO: INGRESO_OK_PRODUCTO]', 'index.php', '2020-02-07 12:25:27'),
('INGRESO_OK_PRODUCTO', '', 'INGRESO', 'USUARIO INGRESO CORRECTAMENTE A PRODUCTO[INGRESO: INGRESO_OK_PRODUCTO]', 'index.php', '2020-02-07 12:25:27'),
('INGRESO_OK_PRODUCTO', '', 'INGRESO', 'USUARIO INGRESO CORRECTAMENTE A PRODUCTO[INGRESO: INGRESO_OK_PRODUCTO]', 'index.php', '2020-02-07 12:25:28'),
('INGRESO_OK_PRODUCTO', '', 'INGRESO', 'USUARIO INGRESO CORRECTAMENTE A PRODUCTO[INGRESO: INGRESO_OK_PRODUCTO]', 'index.php', '2020-02-07 12:25:29'),
('TEST_INGRESO', 'dog', 'INGRESO', 'LOGIN EXITOSO [INGRESO: TEST_INGRESO]', 'login.php', '2020-02-07 12:25:41'),
('INGRESO_OK_PRODUCTO', '', 'INGRESO', 'USUARIO INGRESO CORRECTAMENTE A PRODUCTO[INGRESO: INGRESO_OK_PRODUCTO]', 'index.php', '2020-02-07 12:25:42'),
('INGRESO_OK_PRODUCTO', '', 'INGRESO', 'USUARIO INGRESO CORRECTAMENTE A PRODUCTO[INGRESO: INGRESO_OK_PRODUCTO]', 'index.php', '2020-02-07 12:27:13'),
('LOGIN_OK_ADMIN', '', 'INGRESO', 'USUARIO INGRESO CORRECTAMENTE [INGRESO: LOGIN_OK_ADMIN]', 'login.php', '2020-02-07 12:27:23'),
('INGRESO_OK_PRODUCTO', '', 'INGRESO', 'USUARIO INGRESO CORRECTAMENTE A PRODUCTO[INGRESO: INGRESO_OK_PRODUCTO]', 'index.php', '2020-02-07 12:27:23'),
('INGRESO_OK_PRODUCTO', '', 'INGRESO', 'USUARIO INGRESO CORRECTAMENTE A PRODUCTO[INGRESO: INGRESO_OK_PRODUCTO]', 'index.php', '2020-02-07 12:27:27'),
('INGRESO_OK_PRODUCTO', 'admin', 'INGRESO', 'USUARIO INGRESO CORRECTAMENTE A PRODUCTO[INGRESO: INGRESO_OK_PRODUCTO]', 'product.php', '2020-02-07 12:27:29'),
('INGRESO_OK_PEDIDO', 'admin', 'INGRESO', 'USUARIO INGRESO CORRECTAMENTE A PEDIDO[INGRESO: INGRESO_OK_PEDIDO]', 'pedido.php', '2020-02-07 12:27:35'),
('INGRESO_OK_PRODUCTO', '', 'INGRESO', 'USUARIO INGRESO CORRECTAMENTE A PRODUCTO[INGRESO: INGRESO_OK_PRODUCTO]', 'index.php', '2020-02-07 12:30:07'),
('INGRESO_OK_PRODUCTO', 'admin', 'INGRESO', 'USUARIO INGRESO CORRECTAMENTE A PRODUCTO[INGRESO: INGRESO_OK_PRODUCTO]', 'product.php', '2020-02-07 12:30:14'),
('INGRESO_OK_PRODUCTO', '', 'INGRESO', 'USUARIO INGRESO CORRECTAMENTE A PRODUCTO[INGRESO: INGRESO_OK_PRODUCTO]', 'index.php', '2020-02-07 12:30:28'),
('TEST_INGRESO', 'dog', 'INGRESO', 'LOGIN EXITOSO [INGRESO: TEST_INGRESO]', 'login.php', '2020-02-07 12:30:37'),
('INGRESO_OK_PRODUCTO', '', 'INGRESO', 'USUARIO INGRESO CORRECTAMENTE A PRODUCTO[INGRESO: INGRESO_OK_PRODUCTO]', 'index.php', '2020-02-07 12:30:37'),
('INGRESO_OK_PRODUCTO', '', 'INGRESO', 'USUARIO INGRESO CORRECTAMENTE A PRODUCTO[INGRESO: INGRESO_OK_PRODUCTO]', 'product.php', '2020-02-07 12:30:39'),
('INGRESO_OK_RESGISTRO', 'usuario1', 'INGRESO', 'USUARIO INGRESO CORRECTAMENTE REGISTRO[INGRESO: INGRESO_OK_RESGISTRO]', 'registration.php', '2020-02-07 12:30:42'),
('INGRESO_OK_PRODUCTO', '', 'INGRESO', 'USUARIO INGRESO CORRECTAMENTE A PRODUCTO[INGRESO: INGRESO_OK_PRODUCTO]', 'product.php', '2020-02-07 12:30:45'),
('INGRESO_OK_PEDIDO', '', 'INGRESO', 'USUARIO INGRESO CORRECTAMENTE A PEDIDO[INGRESO: INGRESO_OK_PEDIDO]', 'pedido.php', '2020-02-07 12:30:48'),
('INGRESO_OK_PRODUCTO', '', 'INGRESO', 'USUARIO INGRESO CORRECTAMENTE A PRODUCTO[INGRESO: INGRESO_OK_PRODUCTO]', 'product.php', '2020-02-07 12:35:29'),
('INGRESO_OK_PRODUCTO', '', 'INGRESO', 'USUARIO INGRESO CORRECTAMENTE A PRODUCTO[INGRESO: INGRESO_OK_PRODUCTO]', 'product.php', '2020-02-07 12:35:58'),
('INGRESO_OK_PRODUCTO', '', 'INGRESO', 'USUARIO INGRESO CORRECTAMENTE A PRODUCTO[INGRESO: INGRESO_OK_PRODUCTO]', 'product.php', '2020-02-07 12:36:36'),
('INGRESO_OK_RESGISTRO', 'usuario1', 'INGRESO', 'USUARIO INGRESO CORRECTAMENTE REGISTRO[INGRESO: INGRESO_OK_RESGISTRO]', 'registration.php', '2020-02-07 12:37:34'),
('LOGIN_OK_ADMIN', '', 'INGRESO', 'USUARIO INGRESO CORRECTAMENTE [INGRESO: LOGIN_OK_ADMIN]', 'login.php', '2020-02-07 12:37:44'),
('INGRESO_OK_PRODUCTO', '', 'INGRESO', 'USUARIO INGRESO CORRECTAMENTE A PRODUCTO[INGRESO: INGRESO_OK_PRODUCTO]', 'index.php', '2020-02-07 12:37:44'),
('INGRESO_OK_PRODUCTO', 'admin', 'INGRESO', 'USUARIO INGRESO CORRECTAMENTE A PRODUCTO[INGRESO: INGRESO_OK_PRODUCTO]', 'product.php', '2020-02-07 12:37:45'),
('INGRESO_OK_PRODUCTO', '', 'INGRESO', 'USUARIO INGRESO CORRECTAMENTE A PRODUCTO[INGRESO: INGRESO_OK_PRODUCTO]', 'index.php', '2020-02-07 12:37:46'),
('INGRESO_OK_CONFIGADMIN', 'admin', 'INGRESO', 'USUARIO INGRESO CORRECTAMENTE [INGRESO: INGRESO_OK_CONFIGADMIN]', 'configAdmin.php', '2020-02-07 12:37:47'),
('INGRESO_OK_PEDIDO', 'admin', 'INGRESO', 'USUARIO INGRESO CORRECTAMENTE A PEDIDO[INGRESO: INGRESO_OK_PEDIDO]', 'index.php', '2020-02-07 12:39:24'),
('INGRESO_OK_PRODUCTO', 'admin', 'INGRESO', 'USUARIO INGRESO CORRECTAMENTE A PRODUCTO[INGRESO: INGRESO_OK_PRODUCTO]', 'product.php', '2020-02-07 12:39:24'),
('INGRESO_OK_CONFIGADMIN', 'admin', 'INGRESO', 'USUARIO INGRESO CORRECTAMENTE [INGRESO: INGRESO_OK_CONFIGADMIN]', 'configAdmin.php', '2020-02-07 12:39:25'),
('INGRESO_OK_PEDIDO', 'admin', 'INGRESO', 'USUARIO INGRESO CORRECTAMENTE A PEDIDO[INGRESO: INGRESO_OK_PEDIDO]', 'index.php', '2020-02-07 12:39:25'),
('INGRESO_OK_PRODUCTO', 'admin', 'INGRESO', 'USUARIO INGRESO CORRECTAMENTE A PRODUCTO[INGRESO: INGRESO_OK_PRODUCTO]', 'product.php', '2020-02-07 12:39:26'),
('INGRESO_OK_PRODUCTO', 'admin', 'INGRESO', 'USUARIO INGRESO CORRECTAMENTE A PRODUCTO[INGRESO: INGRESO_OK_PRODUCTO]', 'product.php', '2020-02-07 12:39:58'),
('INGRESO_OK_PEDIDO', 'admin', 'INGRESO', 'USUARIO INGRESO CORRECTAMENTE A PEDIDO[INGRESO: INGRESO_OK_PEDIDO]', 'index.php', '2020-02-07 12:40:01'),
('INGRESO_OK_PRODUCTO', 'admin', 'INGRESO', 'USUARIO INGRESO CORRECTAMENTE A PRODUCTO[INGRESO: INGRESO_OK_PRODUCTO]', 'product.php', '2020-02-07 12:40:02'),
('INGRESO_OK_PRODUCTO', 'admin', 'INGRESO', 'USUARIO INGRESO CORRECTAMENTE A PRODUCTO[INGRESO: INGRESO_OK_PRODUCTO]', 'product.php', '2020-02-07 12:40:44'),
('INGRESO_OK_PEDIDO', 'admin', 'INGRESO', 'USUARIO INGRESO CORRECTAMENTE A PEDIDO[INGRESO: INGRESO_OK_PEDIDO]', 'index.php', '2020-02-07 12:40:45'),
('INGRESO_OK_PRODUCTO', 'admin', 'INGRESO', 'USUARIO INGRESO CORRECTAMENTE A PRODUCTO[INGRESO: INGRESO_OK_PRODUCTO]', 'product.php', '2020-02-07 12:40:45'),
('INGRESO_OK_PEDIDO', '', 'INGRESO', 'USUARIO INGRESO CORRECTAMENTE A PEDIDO[INGRESO: INGRESO_OK_PEDIDO]', 'index.php', '2020-02-07 12:41:01'),
('login_1', 'dog', 'ERROR', 'Error nombre o contraseña invalido [ERROR: login_1]', 'login.php', '2020-02-07 12:41:22'),
('TEST_INGRESO', 'dog', 'INGRESO', 'LOGIN EXITOSO [INGRESO: TEST_INGRESO]', 'login.php', '2020-02-07 12:41:28'),
('INGRESO_OK_PEDIDO', 'dog', 'INGRESO', 'USUARIO INGRESO CORRECTAMENTE A PEDIDO[INGRESO: INGRESO_OK_PEDIDO]', 'index.php', '2020-02-07 12:41:28'),
('INGRESO_OK_PEDIDO', 'dog', 'INGRESO', 'USUARIO INGRESO CORRECTAMENTE A PEDIDO[INGRESO: INGRESO_OK_PEDIDO]', 'index.php', '2020-02-07 12:41:31'),
('INGRESO_OK_PRODUCTO', 'dog', 'INGRESO', 'USUARIO INGRESO CORRECTAMENTE A PRODUCTO[INGRESO: INGRESO_OK_PRODUCTO]', 'product.php', '2020-02-07 12:41:32'),
('INGRESO_OK_PEDIDO', 'dog', 'INGRESO', 'USUARIO INGRESO CORRECTAMENTE A PEDIDO[INGRESO: INGRESO_OK_PEDIDO]', 'index.php', '2020-02-07 12:41:33'),
('INGRESO_OK_INDEX', 'dog', 'INGRESO', 'USUARIO INGRESO CORRECTAMENTE A INDEX[INGRESO: INGRESO_OK_INDEX]', 'index.php', '2020-02-07 12:46:18'),
('INGRESO_OK_INDEX', 'dog', 'INGRESO', 'USUARIO INGRESO CORRECTAMENTE A INDEX[INGRESO: INGRESO_OK_INDEX]', 'index.php', '2020-02-07 12:46:22'),
('INGRESO_OK_INDEX', 'dog', 'INGRESO', 'USUARIO INGRESO CORRECTAMENTE A INDEX[INGRESO: INGRESO_OK_INDEX]', 'index.php', '2020-02-07 12:46:24'),
('INGRESO_OK_INDEX', 'dog', 'INGRESO', 'USUARIO INGRESO CORRECTAMENTE A INDEX[INGRESO: INGRESO_OK_INDEX]', 'index.php', '2020-02-07 12:46:25'),
('INGRESO_OK_PRODUCTO', 'dog', 'INGRESO', 'USUARIO INGRESO CORRECTAMENTE A PRODUCTO[INGRESO: INGRESO_OK_PRODUCTO]', 'product.php', '2020-02-07 12:46:27'),
('INGRESO_OK_PEDIDO', 'dog', 'INGRESO', 'USUARIO INGRESO CORRECTAMENTE A PEDIDO[INGRESO: INGRESO_OK_PEDIDO]', 'pedido.php', '2020-02-07 12:46:28'),
('INGRESO_OK_INDEX', 'dog', 'INGRESO', 'USUARIO INGRESO CORRECTAMENTE A INDEX[INGRESO: INGRESO_OK_INDEX]', 'index.php', '2020-02-07 12:46:28'),
('INGRESO_OK_INDEX', 'dog', 'INGRESO', 'USUARIO INGRESO CORRECTAMENTE A INDEX[INGRESO: INGRESO_OK_INDEX]', 'index.php', '2020-02-07 12:48:04'),
('INGRESO_OK_INDEX', 'dog', 'INGRESO', 'USUARIO INGRESO CORRECTAMENTE A INDEX[INGRESO: INGRESO_OK_INDEX]', 'index.php', '2020-02-07 12:48:06'),
('INGRESO_OK_INDEX', 'dog', 'INGRESO', 'USUARIO INGRESO CORRECTAMENTE A INDEX[INGRESO: INGRESO_OK_INDEX]', 'index.php', '2020-02-07 12:48:07'),
('INGRESO_OK_INDEX', 'dog', 'INGRESO', 'USUARIO INGRESO CORRECTAMENTE A INDEX[INGRESO: INGRESO_OK_INDEX]', 'index.php', '2020-02-07 12:48:09'),
('INGRESO_OK_PRODUCTO', 'dog', 'INGRESO', 'USUARIO INGRESO CORRECTAMENTE A PRODUCTO[INGRESO: INGRESO_OK_PRODUCTO]', 'product.php', '2020-02-07 12:48:10'),
('INGRESO_OK_PEDIDO', 'dog', 'INGRESO', 'USUARIO INGRESO CORRECTAMENTE A PEDIDO[INGRESO: INGRESO_OK_PEDIDO]', 'pedido.php', '2020-02-07 12:48:17'),
('INGRESO_OK_INDEX', 'dog', 'INGRESO', 'USUARIO INGRESO CORRECTAMENTE A INDEX[INGRESO: INGRESO_OK_INDEX]', 'index.php', '2020-02-07 12:49:12'),
('INGRESO_OK_INDEX', 'dog', 'INGRESO', 'USUARIO INGRESO CORRECTAMENTE A INDEX[INGRESO: INGRESO_OK_INDEX]', 'index.php', '2020-02-07 12:49:13'),
('INGRESO_OK_INDEX', 'dog', 'INGRESO', 'USUARIO INGRESO CORRECTAMENTE A INDEX[INGRESO: INGRESO_OK_INDEX]', 'index.php', '2020-02-07 12:50:25'),
('INGRESO_OK_INDEX', 'dog', 'INGRESO', 'USUARIO INGRESO CORRECTAMENTE A INDEX[INGRESO: INGRESO_OK_INDEX]', 'index.php', '2020-02-07 12:50:27'),
('INGRESO_OK_INDEX', 'dog', 'INGRESO', 'USUARIO INGRESO CORRECTAMENTE A INDEX[INGRESO: INGRESO_OK_INDEX]', 'index.php', '2020-02-07 12:50:28'),
('INGRESO_OK_PRODUCTO', 'dog', 'INGRESO', 'USUARIO INGRESO CORRECTAMENTE A PRODUCTO[INGRESO: INGRESO_OK_PRODUCTO]', 'product.php', '2020-02-07 12:50:29'),
('INGRESO_OK_INDEX', 'dog', 'INGRESO', 'USUARIO INGRESO CORRECTAMENTE A INDEX[INGRESO: INGRESO_OK_INDEX]', 'index.php', '2020-02-07 12:50:30'),
('INGRESO_OK_INDEX', 'dog', 'INGRESO', 'USUARIO INGRESO CORRECTAMENTE A INDEX[INGRESO: INGRESO_OK_INDEX]', 'index.php', '2020-02-07 12:50:32'),
('INGRESO_OK_INDEX', 'dog', 'INGRESO', 'USUARIO INGRESO CORRECTAMENTE A INDEX[INGRESO: INGRESO_OK_INDEX]', 'index.php', '2020-02-07 12:52:21'),
('INGRESO_OK_INDEX', 'dog', 'INGRESO', 'USUARIO INGRESO CORRECTAMENTE A INDEX[INGRESO: INGRESO_OK_INDEX]', 'index.php', '2020-02-07 12:52:24'),
('INGRESO_OK_INDEX', 'dog', 'INGRESO', 'USUARIO INGRESO CORRECTAMENTE A INDEX[INGRESO: INGRESO_OK_INDEX]', 'index.php', '2020-02-07 12:52:25'),
('INGRESO_OK_PEDIDO', 'dog', 'INGRESO', 'USUARIO INGRESO CORRECTAMENTE A PEDIDO[INGRESO: INGRESO_OK_PEDIDO]', 'pedido.php', '2020-02-07 12:52:26'),
('INGRESO_OK_PRODUCTO', 'dog', 'INGRESO', 'USUARIO INGRESO CORRECTAMENTE A PRODUCTO[INGRESO: INGRESO_OK_PRODUCTO]', 'product.php', '2020-02-07 12:52:26'),
('INGRESO_OK_INDEX', 'dog', 'INGRESO', 'USUARIO INGRESO CORRECTAMENTE A INDEX[INGRESO: INGRESO_OK_INDEX]', 'index.php', '2020-02-07 12:52:28'),
('INGRESO_OK_INDEX', '', 'INGRESO', 'USUARIO INGRESO CORRECTAMENTE A INDEX[INGRESO: INGRESO_OK_INDEX]', 'index.php', '2020-02-07 12:52:31'),
('login_1', 'ADMIN', 'ERROR', 'Error nombre o contraseña invalido [ERROR: login_1]', 'login.php', '2020-02-07 12:52:39'),
('LOGIN_OK_ADMIN', '', 'INGRESO', 'USUARIO INGRESO CORRECTAMENTE [INGRESO: LOGIN_OK_ADMIN]', 'login.php', '2020-02-07 12:52:54'),
('INGRESO_OK_INDEX', 'admin', 'INGRESO', 'USUARIO INGRESO CORRECTAMENTE A INDEX[INGRESO: INGRESO_OK_INDEX]', 'index.php', '2020-02-07 12:52:54'),
('CAMBIO_LENGUAJE', 'admin', 'INGRESO', 'USUARIO CAMBIO CAMBIO EL LENGUAJE EXITOSAMENTE [INGRESO: CAMBIO_LENGUAJE]', 'changelanguage.php', '2020-02-07 12:52:57'),
('INGRESO_OK_INDEX', 'admin', 'INGRESO', 'USUARIO INGRESO CORRECTAMENTE A INDEX[INGRESO: INGRESO_OK_INDEX]', 'index.php', '2020-02-07 12:52:57'),
('CAMBIO_LENGUAJE', 'admin', 'INGRESO', 'USUARIO CAMBIO CAMBIO EL LENGUAJE EXITOSAMENTE [INGRESO: CAMBIO_LENGUAJE]', 'changelanguage.php', '2020-02-07 12:52:59'),
('INGRESO_OK_INDEX', 'admin', 'INGRESO', 'USUARIO INGRESO CORRECTAMENTE A INDEX[INGRESO: INGRESO_OK_INDEX]', 'index.php', '2020-02-07 12:52:59'),
('CAMBIO_LENGUAJE', 'admin', 'INGRESO', 'USUARIO CAMBIO CAMBIO EL LENGUAJE EXITOSAMENTE [INGRESO: CAMBIO_LENGUAJE]', 'changelanguage.php', '2020-02-07 12:53:00'),
('INGRESO_OK_INDEX', 'admin', 'INGRESO', 'USUARIO INGRESO CORRECTAMENTE A INDEX[INGRESO: INGRESO_OK_INDEX]', 'index.php', '2020-02-07 12:53:00'),
('INGRESO_OK_CONFIGADMIN', 'admin', 'INGRESO', 'USUARIO INGRESO CORRECTAMENTE [INGRESO: INGRESO_OK_CONFIGADMIN]', 'configAdmin.php', '2020-02-07 12:57:47'),
('INGRESO_OK_INDEX', 'admin', 'INGRESO', 'USUARIO INGRESO CORRECTAMENTE A INDEX[INGRESO: INGRESO_OK_INDEX]', 'index.php', '2020-02-07 13:26:09'),
('INGRESO_OK_CONFIGADMIN', 'admin', 'INGRESO', 'USUARIO INGRESO CORRECTAMENTE [INGRESO: INGRESO_OK_CONFIGADMIN]', 'configAdmin.php', '2020-02-07 13:26:11'),
('INGRESO_OK_PRODUCTO', 'admin', 'INGRESO', 'USUARIO INGRESO CORRECTAMENTE A PRODUCTO[INGRESO: INGRESO_OK_PRODUCTO]', 'product.php', '2020-02-07 13:26:13'),
('INGRESO_OK_INDEX', 'admin', 'INGRESO', 'USUARIO INGRESO CORRECTAMENTE A INDEX[INGRESO: INGRESO_OK_INDEX]', 'index.php', '2020-02-07 13:26:15'),
('INGRESO_OK_CONFIGADMIN', 'admin', 'INGRESO', 'USUARIO INGRESO CORRECTAMENTE [INGRESO: INGRESO_OK_CONFIGADMIN]', 'configAdmin.php', '2020-02-07 13:26:16'),
('INGRESO_OK_PRODUCTO', 'admin', 'INGRESO', 'USUARIO INGRESO CORRECTAMENTE A PRODUCTO[INGRESO: INGRESO_OK_PRODUCTO]', 'product.php', '2020-02-07 13:26:18'),
('INGRESO_OK_INDEX', 'admin', 'INGRESO', 'USUARIO INGRESO CORRECTAMENTE A INDEX[INGRESO: INGRESO_OK_INDEX]', 'index.php', '2020-02-07 13:26:18'),
('INGRESO_OK_INDEX', '', 'INGRESO', 'USUARIO INGRESO CORRECTAMENTE A INDEX[INGRESO: INGRESO_OK_INDEX]', 'index.php', '2020-02-07 13:26:24'),
('LOGIN_OK_ADMIN', '', 'INGRESO', 'USUARIO INGRESO CORRECTAMENTE [INGRESO: LOGIN_OK_ADMIN]', 'login.php', '2020-02-07 13:26:36'),
('INGRESO_OK_INDEX', 'admin', 'INGRESO', 'USUARIO INGRESO CORRECTAMENTE A INDEX[INGRESO: INGRESO_OK_INDEX]', 'index.php', '2020-02-07 13:26:36'),
('INGRESO_OK_CONFIGADMIN', 'admin', 'INGRESO', 'USUARIO INGRESO CORRECTAMENTE [INGRESO: INGRESO_OK_CONFIGADMIN]', 'configAdmin.php', '2020-02-07 13:26:46'),
('INGRESO_OK_PRODUCTO', 'admin', 'INGRESO', 'USUARIO INGRESO CORRECTAMENTE A PRODUCTO[INGRESO: INGRESO_OK_PRODUCTO]', 'product.php', '2020-02-07 13:26:47'),
('INGRESO_OK_INDEX', 'admin', 'INGRESO', 'USUARIO INGRESO CORRECTAMENTE A INDEX[INGRESO: INGRESO_OK_INDEX]', 'index.php', '2020-02-07 13:46:55'),
('INGRESO_OK_INDEX', 'admin', 'INGRESO', 'USUARIO INGRESO CORRECTAMENTE A INDEX[INGRESO: INGRESO_OK_INDEX]', 'index.php', '2020-02-07 13:47:04'),
('INGRESO_OK_INDEX', '', 'INGRESO', 'USUARIO INGRESO CORRECTAMENTE A INDEX[INGRESO: INGRESO_OK_INDEX]', 'index.php', '2020-02-07 13:47:08'),
('INGRESO_OK_INDEX', '', 'INGRESO', 'USUARIO INGRESO CORRECTAMENTE A INDEX[INGRESO: INGRESO_OK_INDEX]', 'index.php', '2020-02-07 13:47:11'),
('INGRESO_OK_INDEX', '', 'INGRESO', 'USUARIO INGRESO CORRECTAMENTE A INDEX[INGRESO: INGRESO_OK_INDEX]', 'index.php', '2020-02-07 13:47:12'),
('INGRESO_OK_INDEX', '', 'INGRESO', 'USUARIO INGRESO CORRECTAMENTE A INDEX[INGRESO: INGRESO_OK_INDEX]', 'index.php', '2020-02-07 13:47:18'),
('INGRESO_OK_INDEX', ' ', 'INGRESO', 'USUARIO INGRESO CORRECTAMENTE A INDEX[INGRESO: INGRESO_OK_INDEX]', 'index.php', '2020-02-07 13:50:56'),
('INGRESO_OK_INDEX', ' ', 'INGRESO', 'USUARIO INGRESO CORRECTAMENTE A INDEX[INGRESO: INGRESO_OK_INDEX]', 'index.php', '2020-02-07 13:50:58'),
('INGRESO_OK_INDEX', ' ', 'INGRESO', 'USUARIO INGRESO CORRECTAMENTE A INDEX[INGRESO: INGRESO_OK_INDEX]', 'index.php', '2020-02-07 13:51:04'),
('INGRESO_OK_CONFIGADMIN', 'admin', 'INGRESO', 'USUARIO INGRESO CORRECTAMENTE [INGRESO: INGRESO_OK_CONFIGADMIN]', 'configAdmin.php', '2020-02-07 14:09:20'),
('INGRESO_OK_INDEX', 'admin', 'INGRESO', 'USUARIO INGRESO CORRECTAMENTE A INDEX[INGRESO: INGRESO_OK_INDEX]', 'index.php', '2020-02-07 14:09:22'),
('INGRESO_OK_INDEX', '', 'INGRESO', 'USUARIO INGRESO CORRECTAMENTE A INDEX[INGRESO: INGRESO_OK_INDEX]', 'index.php', '2020-02-07 14:09:26'),
('INGRESO_OK_PRODUCTO', '', 'INGRESO', 'USUARIO INGRESO CORRECTAMENTE A PRODUCTO[INGRESO: INGRESO_OK_PRODUCTO]', 'product.php', '2020-02-07 14:09:27'),
('login_2', 'admin', 'ERROR', 'Error nombre o contraseña invalido [ERROR: login_2]', 'login.php', '2020-02-07 14:11:07'),
('LOGIN_OK_ADMIN', '', 'INGRESO', 'USUARIO INGRESO CORRECTAMENTE [INGRESO: LOGIN_OK_ADMIN]', 'login.php', '2020-02-07 14:11:11'),
('INGRESO_OK_INDEX', 'admin', 'INGRESO', 'USUARIO INGRESO CORRECTAMENTE A INDEX[INGRESO: INGRESO_OK_INDEX]', 'index.php', '2020-02-07 14:11:12'),
('INGRESO_OK_INDEX', '', 'INGRESO', 'USUARIO INGRESO CORRECTAMENTE A INDEX[INGRESO: INGRESO_OK_INDEX]', 'index.php', '2020-02-07 14:11:33'),
('LOGIN_OK_ADMIN', '', 'INGRESO', 'USUARIO INGRESO CORRECTAMENTE [INGRESO: LOGIN_OK_ADMIN]', 'login.php', '2020-02-07 14:11:56'),
('INGRESO_OK_INDEX', 'admin', 'INGRESO', 'USUARIO INGRESO CORRECTAMENTE A INDEX[INGRESO: INGRESO_OK_INDEX]', 'index.php', '2020-02-07 14:11:56'),
('INGRESO_OK_INDEX', '', 'INGRESO', 'USUARIO INGRESO CORRECTAMENTE A INDEX[INGRESO: INGRESO_OK_INDEX]', 'index.php', '2020-02-07 14:12:06'),
('LOGIN_OK_ADMIN', '', 'INGRESO', 'USUARIO INGRESO CORRECTAMENTE [INGRESO: LOGIN_OK_ADMIN]', 'login.php', '2020-02-07 14:12:29'),
('INGRESO_OK_INDEX', 'admin', 'INGRESO', 'USUARIO INGRESO CORRECTAMENTE A INDEX[INGRESO: INGRESO_OK_INDEX]', 'index.php', '2020-02-07 14:12:29'),
('INGRESO_OK_PRODUCTO', 'admin', 'INGRESO', 'USUARIO INGRESO CORRECTAMENTE A PRODUCTO[INGRESO: INGRESO_OK_PRODUCTO]', 'product.php', '2020-02-07 15:07:51'),
('INGRESO_OK_INDEX', 'admin', 'INGRESO', 'USUARIO INGRESO CORRECTAMENTE A INDEX[INGRESO: INGRESO_OK_INDEX]', 'index.php', '2020-02-07 15:07:54'),
('INGRESO_OK_INDEX', '', 'INGRESO', 'USUARIO INGRESO CORRECTAMENTE A INDEX[INGRESO: INGRESO_OK_INDEX]', 'index.php', '2020-02-07 15:08:01'),
('LOGIN_OK_ADMIN', '', 'INGRESO', 'USUARIO INGRESO CORRECTAMENTE [INGRESO: LOGIN_OK_ADMIN]', 'login.php', '2020-02-07 15:08:13'),
('INGRESO_OK_INDEX', 'admin', 'INGRESO', 'USUARIO INGRESO CORRECTAMENTE A INDEX[INGRESO: INGRESO_OK_INDEX]', 'index.php', '2020-02-07 15:08:13'),
('INGRESO_OK_PRODUCTO', 'admin', 'INGRESO', 'USUARIO INGRESO CORRECTAMENTE A PRODUCTO[INGRESO: INGRESO_OK_PRODUCTO]', 'product.php', '2020-02-07 15:08:23'),
('INGRESO_OK_INDEX', 'admin', 'INGRESO', 'USUARIO INGRESO CORRECTAMENTE A INDEX[INGRESO: INGRESO_OK_INDEX]', 'index.php', '2020-02-07 15:08:24'),
('INGRESO_OK_INDEX', 'admin', 'INGRESO', 'USUARIO INGRESO CORRECTAMENTE A INDEX[INGRESO: INGRESO_OK_INDEX]', 'index.php', '2020-02-07 15:08:41'),
('INGRESO_OK_CONFIGADMIN', 'admin', 'INGRESO', 'USUARIO INGRESO CORRECTAMENTE [INGRESO: INGRESO_OK_CONFIGADMIN]', 'configAdmin.php', '2020-02-07 15:13:54'),
('INGRESO_OK_CONFIGADMIN', 'admin', 'INGRESO', 'USUARIO INGRESO CORRECTAMENTE [INGRESO: INGRESO_OK_CONFIGADMIN]', 'configAdmin.php', '2020-02-07 15:16:16'),
('INGRESO_OK_INDEX', 'admin ', 'INGRESO', 'USUARIO INGRESO CORRECTAMENTE A INDEX[INGRESO: INGRESO_OK_INDEX]', 'index.php', '2020-02-07 15:16:16'),
('INGRESO_OK_INDEX', 'admin ', 'INGRESO', 'USUARIO INGRESO CORRECTAMENTE A INDEX[INGRESO: INGRESO_OK_INDEX]', 'index.php', '2020-02-07 15:16:18');
INSERT INTO `acciones` (`id`, `usuario`, `tipoAccion`, `descripcion`, `paginaURL`, `fecha`) VALUES
('INGRESO_OK_INDEX', 'admin ', 'INGRESO', 'USUARIO INGRESO CORRECTAMENTE A INDEX[INGRESO: INGRESO_OK_INDEX]', 'index.php', '2020-02-07 15:16:19'),
('INGRESO_OK_INDEX', 'admin ', 'INGRESO', 'USUARIO INGRESO CORRECTAMENTE A INDEX[INGRESO: INGRESO_OK_INDEX]', 'index.php', '2020-02-07 15:16:22'),
('INGRESO_OK_INDEX', 'admin ', 'INGRESO', 'USUARIO INGRESO CORRECTAMENTE A INDEX[INGRESO: INGRESO_OK_INDEX]', 'index.php', '2020-02-07 15:16:24'),
('INGRESO_OK_INDEX', 'admin ', 'INGRESO', 'USUARIO INGRESO CORRECTAMENTE A INDEX[INGRESO: INGRESO_OK_INDEX]', 'index.php', '2020-02-07 15:16:26'),
('INGRESO_OK_INDEX', 'admin ', 'INGRESO', 'USUARIO INGRESO CORRECTAMENTE A INDEX[INGRESO: INGRESO_OK_INDEX]', 'index.php', '2020-02-07 15:16:28'),
('INGRESO_OK_CONFIGADMIN', 'admin', 'INGRESO', 'USUARIO INGRESO CORRECTAMENTE [INGRESO: INGRESO_OK_CONFIGADMIN]', 'configAdmin.php', '2020-02-07 15:16:29'),
('INGRESO_OK_INDEX', ' ', 'INGRESO', 'USUARIO INGRESO CORRECTAMENTE A INDEX[INGRESO: INGRESO_OK_INDEX]', 'index.php', '2020-02-07 15:16:33'),
('INGRESO_OK_INDEX', ' ', 'INGRESO', 'USUARIO INGRESO CORRECTAMENTE A INDEX[INGRESO: INGRESO_OK_INDEX]', 'index.php', '2020-02-07 15:16:42'),
('INGRESO_OK_INDEX', ' ', 'INGRESO', 'USUARIO INGRESO CORRECTAMENTE A INDEX[INGRESO: INGRESO_OK_INDEX]', 'index.php', '2020-02-07 15:17:18'),
('INGRESO_OK_INDEX', 'admin ', 'INGRESO', 'USUARIO INGRESO CORRECTAMENTE A INDEX[INGRESO: INGRESO_OK_INDEX]', 'index.php', '2020-02-07 15:17:44'),
('INGRESO_OK_INDEX', 'admin ', 'INGRESO', 'USUARIO INGRESO CORRECTAMENTE A INDEX[INGRESO: INGRESO_OK_INDEX]', 'index.php', '2020-02-07 15:17:44'),
('INGRESO_OK_CONFIGADMIN', 'admin', 'INGRESO', 'USUARIO INGRESO CORRECTAMENTE [INGRESO: INGRESO_OK_CONFIGADMIN]', 'configAdmin.php', '2020-02-07 15:17:47'),
('INGRESO_OK_INDEX', 'admin ', 'INGRESO', 'USUARIO INGRESO CORRECTAMENTE A INDEX[INGRESO: INGRESO_OK_INDEX]', 'index.php', '2020-02-07 15:17:49'),
('INGRESO_OK_INDEX', 'admin ', 'INGRESO', 'USUARIO INGRESO CORRECTAMENTE A INDEX[INGRESO: INGRESO_OK_INDEX]', 'index.php', '2020-02-07 15:18:03'),
('INGRESO_OK_INDEX', 'admin ', 'INGRESO', 'USUARIO INGRESO CORRECTAMENTE A INDEX[INGRESO: INGRESO_OK_INDEX]', 'index.php', '2020-02-07 15:18:05'),
('INGRESO_OK_INDEX', ' ', 'INGRESO', 'USUARIO INGRESO CORRECTAMENTE A INDEX[INGRESO: INGRESO_OK_INDEX]', 'index.php', '2020-02-07 15:18:09'),
('INGRESO_OK_INDEX', ' ', 'INGRESO', 'USUARIO INGRESO CORRECTAMENTE A INDEX[INGRESO: INGRESO_OK_INDEX]', 'index.php', '2020-02-07 15:18:10'),
('INGRESO_OK_INDEX', ' ', 'INGRESO', 'USUARIO INGRESO CORRECTAMENTE A INDEX[INGRESO: INGRESO_OK_INDEX]', 'index.php', '2020-02-07 15:18:11'),
('INGRESO_OK_INDEX', ' ', 'INGRESO', 'USUARIO INGRESO CORRECTAMENTE A INDEX[INGRESO: INGRESO_OK_INDEX]', 'index.php', '2020-02-07 15:18:12'),
('INGRESO_OK_INDEX', ' ', 'INGRESO', 'USUARIO INGRESO CORRECTAMENTE A INDEX[INGRESO: INGRESO_OK_INDEX]', 'index.php', '2020-02-07 15:18:12'),
('INGRESO_OK_INDEX', ' ', 'INGRESO', 'USUARIO INGRESO CORRECTAMENTE A INDEX[INGRESO: INGRESO_OK_INDEX]', 'index.php', '2020-02-07 15:18:12'),
('INGRESO_OK_INDEX', 'admin ', 'INGRESO', 'USUARIO INGRESO CORRECTAMENTE A INDEX[INGRESO: INGRESO_OK_INDEX]', 'index.php', '2020-02-07 15:18:53'),
('INGRESO_OK_INDEX', 'admin ', 'INGRESO', 'USUARIO INGRESO CORRECTAMENTE A INDEX[INGRESO: INGRESO_OK_INDEX]', 'index.php', '2020-02-07 15:18:54'),
('INGRESO_OK_INDEX', 'admin ', 'INGRESO', 'USUARIO INGRESO CORRECTAMENTE A INDEX[INGRESO: INGRESO_OK_INDEX]', 'index.php', '2020-02-07 15:19:15'),
('INGRESO_OK_INDEX', 'admin ', 'INGRESO', 'USUARIO INGRESO CORRECTAMENTE A INDEX[INGRESO: INGRESO_OK_INDEX]', 'index.php', '2020-02-07 15:19:16'),
('INGRESO_OK_INDEX', 'admin ', 'INGRESO', 'USUARIO INGRESO CORRECTAMENTE A INDEX[INGRESO: INGRESO_OK_INDEX]', 'index.php', '2020-02-07 15:19:51'),
('INGRESO_OK_INDEX', 'admin ', 'INGRESO', 'USUARIO INGRESO CORRECTAMENTE A INDEX[INGRESO: INGRESO_OK_INDEX]', 'index.php', '2020-02-07 15:20:04'),
('INGRESO_OK_INDEX', 'admin ', 'INGRESO', 'USUARIO INGRESO CORRECTAMENTE A INDEX[INGRESO: INGRESO_OK_INDEX]', 'index.php', '2020-02-07 15:20:05'),
('INGRESO_OK_INDEX', 'admin ', 'INGRESO', 'USUARIO INGRESO CORRECTAMENTE A INDEX[INGRESO: INGRESO_OK_INDEX]', 'index.php', '2020-02-07 15:20:06'),
('INGRESO_OK_INDEX', ' ', 'INGRESO', 'USUARIO INGRESO CORRECTAMENTE A INDEX[INGRESO: INGRESO_OK_INDEX]', 'index.php', '2020-02-07 15:20:08'),
('INGRESO_OK_INDEX', ' ', 'INGRESO', 'USUARIO INGRESO CORRECTAMENTE A INDEX[INGRESO: INGRESO_OK_INDEX]', 'index.php', '2020-02-07 15:20:10'),
('INGRESO_OK_INDEX', ' ', 'INGRESO', 'USUARIO INGRESO CORRECTAMENTE A INDEX[INGRESO: INGRESO_OK_INDEX]', 'index.php', '2020-02-07 15:20:12'),
('INGRESO_OK_INDEX', ' ', 'INGRESO', 'USUARIO INGRESO CORRECTAMENTE A INDEX[INGRESO: INGRESO_OK_INDEX]', 'index.php', '2020-02-07 15:22:57'),
('INGRESO_OK_INDEX', ' ', 'INGRESO', 'USUARIO INGRESO CORRECTAMENTE A INDEX[INGRESO: INGRESO_OK_INDEX]', 'index.php', '2020-02-07 15:22:58'),
('INGRESO_OK_INDEX', ' ', 'INGRESO', 'USUARIO INGRESO CORRECTAMENTE A INDEX[INGRESO: INGRESO_OK_INDEX]', 'index.php', '2020-02-07 15:22:59'),
('INGRESO_OK_INDEX', ' ', 'INGRESO', 'USUARIO INGRESO CORRECTAMENTE A INDEX[INGRESO: INGRESO_OK_INDEX]', 'index.php', '2020-02-07 15:23:00'),
('INGRESO_OK_INDEX', ' ', 'INGRESO', 'USUARIO INGRESO CORRECTAMENTE A INDEX[INGRESO: INGRESO_OK_INDEX]', 'index.php', '2020-02-07 15:23:01'),
('INGRESO_OK_INDEX', ' ', 'INGRESO', 'USUARIO INGRESO CORRECTAMENTE A INDEX[INGRESO: INGRESO_OK_INDEX]', 'index.php', '2020-02-07 15:23:40'),
('INGRESO_OK_INDEX', ' ', 'INGRESO', 'USUARIO INGRESO CORRECTAMENTE A INDEX[INGRESO: INGRESO_OK_INDEX]', 'index.php', '2020-02-07 15:23:41'),
('INGRESO_OK_INDEX', ' ', 'INGRESO', 'USUARIO INGRESO CORRECTAMENTE A INDEX[INGRESO: INGRESO_OK_INDEX]', 'index.php', '2020-02-07 15:25:54'),
('INGRESO_OK_INDEX', ' ', 'INGRESO', 'USUARIO INGRESO CORRECTAMENTE A INDEX[INGRESO: INGRESO_OK_INDEX]', 'index.php', '2020-02-07 15:25:56'),
('INGRESO_OK_INDEX', ' ', 'INGRESO', 'USUARIO INGRESO CORRECTAMENTE A INDEX[INGRESO: INGRESO_OK_INDEX]', 'index.php', '2020-02-07 15:26:06'),
('INGRESO_OK_INDEX', ' ', 'INGRESO', 'USUARIO INGRESO CORRECTAMENTE A INDEX[INGRESO: INGRESO_OK_INDEX]', 'index.php', '2020-02-07 15:26:39'),
('INGRESO_OK_INDEX', ' ', 'INGRESO', 'USUARIO INGRESO CORRECTAMENTE A INDEX[INGRESO: INGRESO_OK_INDEX]', 'index.php', '2020-02-07 15:27:51'),
('INGRESO_OK_INDEX', ' ', 'INGRESO', 'USUARIO INGRESO CORRECTAMENTE A INDEX[INGRESO: INGRESO_OK_INDEX]', 'index.php', '2020-02-07 15:28:26'),
('INGRESO_OK_INDEX', ' ', 'INGRESO', 'USUARIO INGRESO CORRECTAMENTE A INDEX[INGRESO: INGRESO_OK_INDEX]', 'index.php', '2020-02-07 15:29:33'),
('INGRESO_OK_INDEX', ' dog', 'INGRESO', 'USUARIO INGRESO CORRECTAMENTE A INDEX[INGRESO: INGRESO_OK_INDEX]', 'index.php', '2020-02-07 15:29:46'),
('INGRESO_OK_INDEX', ' ', 'INGRESO', 'USUARIO INGRESO CORRECTAMENTE A INDEX[INGRESO: INGRESO_OK_INDEX]', 'index.php', '2020-02-07 15:30:07'),
('INGRESO_OK_INDEX', 'admin ', 'INGRESO', 'USUARIO INGRESO CORRECTAMENTE A INDEX[INGRESO: INGRESO_OK_INDEX]', 'index.php', '2020-02-07 15:30:15'),
('INGRESO_OK_INDEX', 'admin ', 'INGRESO', 'USUARIO INGRESO CORRECTAMENTE A INDEX[INGRESO: INGRESO_OK_INDEX]', 'index.php', '2020-02-07 15:30:59'),
('INGRESO_OK_INDEX', 'admin ', 'INGRESO', 'USUARIO INGRESO CORRECTAMENTE A INDEX[INGRESO: INGRESO_OK_INDEX]', 'index.php', '2020-02-07 15:31:04'),
('INGRESO_OK_INDEX', 'admin ', 'INGRESO', 'USUARIO INGRESO CORRECTAMENTE A INDEX[INGRESO: INGRESO_OK_INDEX]', 'index.php', '2020-02-07 15:31:47'),
('INGRESO_OK_INDEX', 'admin ', 'INGRESO', 'USUARIO INGRESO CORRECTAMENTE A INDEX[INGRESO: INGRESO_OK_INDEX]', 'index.php', '2020-02-07 15:41:44'),
('INGRESO_OK_INDEX', 'admin ', 'INGRESO', 'USUARIO INGRESO CORRECTAMENTE A INDEX[INGRESO: INGRESO_OK_INDEX]', 'index.php', '2020-02-07 15:41:45'),
('INGRESO_OK_INDEX', 'admin ', 'INGRESO', 'USUARIO INGRESO CORRECTAMENTE A INDEX[INGRESO: INGRESO_OK_INDEX]', 'index.php', '2020-02-07 15:43:14'),
('INGRESO_OK_INDEX', 'admin ', 'INGRESO', 'USUARIO INGRESO CORRECTAMENTE A INDEX[INGRESO: INGRESO_OK_INDEX]', 'index.php', '2020-02-07 15:43:20'),
('INGRESO_OK_INDEX', 'admin ', 'INGRESO', 'USUARIO INGRESO CORRECTAMENTE A INDEX[INGRESO: INGRESO_OK_INDEX]', 'index.php', '2020-02-07 15:43:22'),
('INGRESO_OK_INDEX', 'admin ', 'INGRESO', 'USUARIO INGRESO CORRECTAMENTE A INDEX[INGRESO: INGRESO_OK_INDEX]', 'index.php', '2020-02-07 15:45:01'),
('INGRESO_OK_INDEX', 'admin ', 'INGRESO', 'USUARIO INGRESO CORRECTAMENTE A INDEX[INGRESO: INGRESO_OK_INDEX]', 'index.php', '2020-02-07 15:45:04'),
('INGRESO_OK_INDEX', 'admin ', 'INGRESO', 'USUARIO INGRESO CORRECTAMENTE A INDEX[INGRESO: INGRESO_OK_INDEX]', 'index.php', '2020-02-07 15:45:05'),
('INGRESO_OK_INDEX', 'admin ', 'INGRESO', 'USUARIO INGRESO CORRECTAMENTE A INDEX[INGRESO: INGRESO_OK_INDEX]', 'index.php', '2020-02-07 15:45:07'),
('INGRESO_OK_INDEX', 'admin ', 'INGRESO', 'USUARIO INGRESO CORRECTAMENTE A INDEX[INGRESO: INGRESO_OK_INDEX]', 'index.php', '2020-02-07 15:45:09'),
('INGRESO_OK_INDEX', 'admin', 'INGRESO', 'USUARIO INGRESO CORRECTAMENTE A INDEX[INGRESO: INGRESO_OK_INDEX]', 'index.php', '2020-02-07 15:47:19'),
('INGRESO_OK_INDEX', 'admin', 'INGRESO', 'USUARIO INGRESO CORRECTAMENTE A INDEX[INGRESO: INGRESO_OK_INDEX]', 'index.php', '2020-02-07 15:47:20'),
('INGRESO_OK_INDEX', 'admin', 'INGRESO', 'USUARIO INGRESO CORRECTAMENTE A INDEX[INGRESO: INGRESO_OK_INDEX]', 'index.php', '2020-02-07 15:47:26'),
('INGRESO_OK_INDEX', 'admin', 'INGRESO', 'USUARIO INGRESO CORRECTAMENTE A INDEX[INGRESO: INGRESO_OK_INDEX]', 'index.php', '2020-02-07 15:47:27'),
('INGRESO_OK_INDEX', 'admin', 'INGRESO', 'USUARIO INGRESO CORRECTAMENTE A INDEX[INGRESO: INGRESO_OK_INDEX]', 'index.php', '2020-02-07 15:47:33'),
('INGRESO_OK_INDEX', 'admin', 'INGRESO', 'USUARIO INGRESO CORRECTAMENTE A INDEX[INGRESO: INGRESO_OK_INDEX]', 'index.php', '2020-02-07 15:47:47'),
('INGRESO_OK_INDEX', 'admin', 'INGRESO', 'USUARIO INGRESO CORRECTAMENTE A INDEX[INGRESO: INGRESO_OK_INDEX]', 'index.php', '2020-02-07 15:47:53'),
('INGRESO_OK_INDEX', '', 'INGRESO', 'USUARIO INGRESO CORRECTAMENTE A INDEX[INGRESO: INGRESO_OK_INDEX]', 'index.php', '2020-02-07 15:48:17'),
('INGRESO_OK_INDEX', 'dog', 'INGRESO', 'USUARIO INGRESO CORRECTAMENTE A INDEX[INGRESO: INGRESO_OK_INDEX]', 'index.php', '2020-02-07 15:48:27'),
('INGRESO_OK_INDEX', 'dog', 'INGRESO', 'USUARIO INGRESO CORRECTAMENTE A INDEX[INGRESO: INGRESO_OK_INDEX]', 'index.php', '2020-02-07 15:48:29'),
('INGRESO_OK_INDEX', 'dog', 'INGRESO', 'USUARIO INGRESO CORRECTAMENTE A INDEX[INGRESO: INGRESO_OK_INDEX]', 'index.php', '2020-02-07 15:48:30'),
('INGRESO_OK_INDEX', 'dog', 'INGRESO', 'USUARIO INGRESO CORRECTAMENTE A INDEX[INGRESO: INGRESO_OK_INDEX]', 'index.php', '2020-02-07 15:48:32'),
('INGRESO_OK_INDEX', 'dog', 'INGRESO', 'USUARIO INGRESO CORRECTAMENTE A INDEX[INGRESO: INGRESO_OK_INDEX]', 'index.php', '2020-02-07 15:48:34'),
('INGRESO_OK_INDEX', 'dog', 'INGRESO', 'USUARIO INGRESO CORRECTAMENTE A INDEX[INGRESO: INGRESO_OK_INDEX]', 'index.php', '2020-02-07 15:48:49'),
('INGRESO_OK_INDEX', 'dog', 'INGRESO', 'USUARIO INGRESO CORRECTAMENTE A INDEX[INGRESO: INGRESO_OK_INDEX]', 'index.php', '2020-02-07 15:48:50'),
('INGRESO_OK_INDEX', 'dog', 'INGRESO', 'USUARIO INGRESO CORRECTAMENTE A INDEX[INGRESO: INGRESO_OK_INDEX]', 'index.php', '2020-02-07 15:51:50'),
('INGRESO_OK_INDEX', 'dog', 'INGRESO', 'USUARIO INGRESO CORRECTAMENTE A INDEX[INGRESO: INGRESO_OK_INDEX]', 'index.php', '2020-02-07 15:52:06'),
('INGRESO_OK_INDEX', 'dog', 'INGRESO', 'USUARIO INGRESO CORRECTAMENTE A INDEX[INGRESO: INGRESO_OK_INDEX]', 'index.php', '2020-02-07 15:53:49'),
('INGRESO_OK_INDEX', 'dog', 'INGRESO', 'USUARIO INGRESO CORRECTAMENTE A INDEX[INGRESO: INGRESO_OK_INDEX]', 'index.php', '2020-02-07 15:53:49'),
('INGRESO_OK_INDEX', 'dog', 'INGRESO', 'USUARIO INGRESO CORRECTAMENTE A INDEX[INGRESO: INGRESO_OK_INDEX]', 'index.php', '2020-02-07 15:53:52'),
('INGRESO_OK_INDEX', 'dog', 'INGRESO', 'USUARIO INGRESO CORRECTAMENTE A INDEX[INGRESO: INGRESO_OK_INDEX]', 'index.php', '2020-02-07 15:53:54'),
('INGRESO_OK_INDEX', 'dog', 'INGRESO', 'USUARIO INGRESO CORRECTAMENTE A INDEX[INGRESO: INGRESO_OK_INDEX]', 'index.php', '2020-02-07 15:53:55'),
('INGRESO_OK_INDEX', 'dog', 'INGRESO', 'USUARIO INGRESO CORRECTAMENTE A INDEX[INGRESO: INGRESO_OK_INDEX]', 'index.php', '2020-02-07 15:54:46'),
('INGRESO_OK_INDEX', '', 'INGRESO', 'USUARIO INGRESO CORRECTAMENTE A INDEX[INGRESO: INGRESO_OK_INDEX]', 'index.php', '2020-02-07 15:55:00'),
('INGRESO_OK_INDEX', '', 'INGRESO', 'USUARIO INGRESO CORRECTAMENTE A INDEX[INGRESO: INGRESO_OK_INDEX]', 'index.php', '2020-02-07 15:57:12'),
('INGRESO_OK_INDEX', '', 'INGRESO', 'USUARIO INGRESO CORRECTAMENTE A INDEX[INGRESO: INGRESO_OK_INDEX]', 'index.php', '2020-02-07 15:57:13'),
('INGRESO_OK_INDEX', '', 'INGRESO', 'USUARIO INGRESO CORRECTAMENTE A INDEX[INGRESO: INGRESO_OK_INDEX]', 'index.php', '2020-02-07 15:59:24'),
('INGRESO_OK_INDEX', '', 'INGRESO', 'USUARIO INGRESO CORRECTAMENTE A INDEX[INGRESO: INGRESO_OK_INDEX]', 'index.php', '2020-02-07 15:59:27'),
('INGRESO_OK_INDEX', '', 'INGRESO', 'USUARIO INGRESO CORRECTAMENTE A INDEX[INGRESO: INGRESO_OK_INDEX]', 'index.php', '2020-02-07 15:59:33'),
('INGRESO_OK_INDEX', '', 'INGRESO', 'USUARIO INGRESO CORRECTAMENTE A INDEX[INGRESO: INGRESO_OK_INDEX]', 'index.php', '2020-02-07 15:59:35'),
('INGRESO_OK_INDEX', '', 'INGRESO', 'USUARIO INGRESO CORRECTAMENTE A INDEX[INGRESO: INGRESO_OK_INDEX]', 'index.php', '2020-02-07 15:59:37'),
('INGRESO_OK_INDEX', '', 'INGRESO', 'USUARIO INGRESO CORRECTAMENTE A INDEX[INGRESO: INGRESO_OK_INDEX]', 'index.php', '2020-02-07 15:59:39'),
('INGRESO_OK_INDEX', '', 'INGRESO', 'USUARIO INGRESO CORRECTAMENTE A INDEX[INGRESO: INGRESO_OK_INDEX]', 'index.php', '2020-02-07 15:59:41'),
('INGRESO_OK_INDEX', '', 'INGRESO', 'USUARIO INGRESO CORRECTAMENTE A INDEX[INGRESO: INGRESO_OK_INDEX]', 'index.php', '2020-02-07 15:59:51'),
('INGRESO_OK_INDEX', '', 'INGRESO', 'USUARIO INGRESO CORRECTAMENTE A INDEX[INGRESO: INGRESO_OK_INDEX]', 'index.php', '2020-02-07 16:00:00'),
('INGRESO_OK_INDEX', '', 'INGRESO', 'USUARIO INGRESO CORRECTAMENTE A INDEX[INGRESO: INGRESO_OK_INDEX]', 'index.php', '2020-02-07 16:00:01'),
('LOGIN_ERROR', '', 'ERROR', 'Error nombre o contraseña invalido[ERROR: LOGIN_ERROR]', 'login.php', '2020-02-07 16:02:05'),
('INGRESO_OK_INDEX', '', 'INGRESO', 'USUARIO INGRESO CORRECTAMENTE A INDEX[INGRESO: INGRESO_OK_INDEX]', 'index.php', '2020-02-07 16:02:58'),
('LOGIN_', '12341234', 'INGRESO', 'Error nombre o contraseña invalido[INGRESO: LOGIN_]', 'login.php', '2020-02-07 16:03:06'),
('LOGIN_OK_INDEX', 'admin', 'INGRESO', 'USUARIO LOGUEO OK[INGRESO: LOGIN_OK_INDEX]', 'login.php', '2020-02-07 16:07:38'),
('INGRESO_OK_INDEX', 'admin', 'INGRESO', 'USUARIO INGRESO CORRECTAMENTE A INDEX[INGRESO: INGRESO_OK_INDEX]', 'index.php', '2020-02-07 16:07:38'),
('INGRESO_OK_INDEX', '', 'INGRESO', 'USUARIO INGRESO CORRECTAMENTE A INDEX[INGRESO: INGRESO_OK_INDEX]', 'index.php', '2020-02-07 16:07:42'),
('INGRESO_OK_INDEX', 'dog', 'INGRESO', 'USUARIO INGRESO CORRECTAMENTE A INDEX[INGRESO: INGRESO_OK_INDEX]', 'index.php', '2020-02-07 16:07:50'),
('INGRESO_OK_INDEX', 'dog', 'INGRESO', 'USUARIO INGRESO CORRECTAMENTE A INDEX[INGRESO: INGRESO_OK_INDEX]', 'index.php', '2020-02-07 16:07:53'),
('INGRESO_OK_INDEX', '', 'INGRESO', 'USUARIO INGRESO CORRECTAMENTE A INDEX[INGRESO: INGRESO_OK_INDEX]', 'index.php', '2020-02-07 16:07:55'),
('LOGIN_OK_INDEX', 'admin', 'INGRESO', 'USUARIO LOGUEO OK[INGRESO: LOGIN_OK_INDEX]', 'login.php', '2020-02-07 16:08:04'),
('INGRESO_OK_INDEX', 'admin', 'INGRESO', 'USUARIO INGRESO CORRECTAMENTE A INDEX[INGRESO: INGRESO_OK_INDEX]', 'index.php', '2020-02-07 16:08:04'),
('INGRESO_OK_INDEX', '', 'INGRESO', 'USUARIO INGRESO CORRECTAMENTE A INDEX[INGRESO: INGRESO_OK_INDEX]', 'index.php', '2020-02-07 16:08:55'),
('LOGIN_', 'asdfasdfasd', 'ERROR', 'Error nombre o contraseña invalido[ERROR: LOGIN_]', 'login.php', '2020-02-07 16:09:04'),
('INGRESO_OK_INDEX', '', 'INGRESO', 'USUARIO INGRESO CORRECTAMENTE A INDEX[INGRESO: INGRESO_OK_INDEX]', 'index.php', '2020-02-07 16:09:50'),
('INGRESO_OK_INDEX', '', 'INGRESO', 'USUARIO INGRESO CORRECTAMENTE A INDEX[INGRESO: INGRESO_OK_INDEX]', 'index.php', '2020-02-07 16:09:51'),
('INGRESO_OK_INDEX', 'DOG', 'INGRESO', 'USUARIO INGRESO CORRECTAMENTE A INDEX[INGRESO: INGRESO_OK_INDEX]', 'index.php', '2020-02-07 16:11:11'),
('INGRESO_OK_PEDIDO', 'DOG', 'INGRESO', 'USUARIO INGRESO CORRECTAMENTE A PEDIDOS[INGRESO: INGRESO_OK_PEDIDO]', 'pedido.php', '2020-02-07 16:12:45'),
('INGRESO_OK_PEDIDO', 'DOG', 'INGRESO', 'USUARIO INGRESO CORRECTAMENTE A PEDIDOS[INGRESO: INGRESO_OK_PEDIDO]', 'pedido.php', '2020-02-07 16:14:14'),
('INGRESO_OK_INDEX', 'DOG', 'INGRESO', 'USUARIO INGRESO CORRECTAMENTE A INDEX[INGRESO: INGRESO_OK_INDEX]', 'index.php', '2020-02-07 16:14:36'),
('INGRESO_OK_PEDIDO', 'DOG', 'INGRESO', 'USUARIO INGRESO CORRECTAMENTE A PEDIDOS[INGRESO: INGRESO_OK_PEDIDO]', 'pedido.php', '2020-02-07 16:14:39'),
('INGRESO_OK_INDEX', '', 'INGRESO', 'USUARIO INGRESO CORRECTAMENTE A INDEX[INGRESO: INGRESO_OK_INDEX]', 'index.php', '2020-02-07 16:15:08'),
('LOGIN_OK_INDEX', 'ADMIN', 'INGRESO', 'USUARIO LOGUEO OK[INGRESO: LOGIN_OK_INDEX]', 'login.php', '2020-02-07 16:15:23'),
('INGRESO_OK_INDEX', 'ADMIN', 'INGRESO', 'USUARIO INGRESO CORRECTAMENTE A INDEX[INGRESO: INGRESO_OK_INDEX]', 'index.php', '2020-02-07 16:15:23'),
('INGRESO_OK_CONFIGADMIN', 'ADMIN', 'INGRESO', 'USUARIO INGRESO CORRECTAMENTE [INGRESO: INGRESO_OK_CONFIGADMIN]', 'configAdmin.php', '2020-02-07 16:15:35'),
('INGRESO_OK_CONFIGADMIN', 'ADMIN', 'INGRESO', 'USUARIO INGRESO CORRECTAMENTE [INGRESO: INGRESO_OK_CONFIGADMIN]', 'configAdmin.php', '2020-02-07 16:15:40'),
('INGRESO_OK_CONFIGADMIN', 'ADMIN', 'INGRESO', 'USUARIO INGRESO CORRECTAMENTE [INGRESO: INGRESO_OK_CONFIGADMIN]', 'configAdmin.php', '2020-02-07 16:15:41'),
('INGRESO_OK_CONFIGADMIN', 'ADMIN', 'INGRESO', 'USUARIO INGRESO CORRECTAMENTE [INGRESO: INGRESO_OK_CONFIGADMIN]', 'configAdmin.php', '2020-02-07 16:15:44'),
('INGRESO_OK_CONFIGADMIN', 'ADMIN', 'INGRESO', 'USUARIO INGRESO CORRECTAMENTE [INGRESO: INGRESO_OK_CONFIGADMIN]', 'configAdmin.php', '2020-02-07 16:15:46'),
('INGRESO_OK_CONFIGADMIN', 'ADMIN', 'INGRESO', 'USUARIO INGRESO CORRECTAMENTE [INGRESO: INGRESO_OK_CONFIGADMIN]', 'configAdmin.php', '2020-02-07 16:15:48'),
('INGRESO_OK_CONFIGADMIN', 'ADMIN', 'INGRESO', 'USUARIO INGRESO CORRECTAMENTE [INGRESO: INGRESO_OK_CONFIGADMIN]', 'configAdmin.php', '2020-02-07 16:16:01'),
('INGRESO_OK_CONFIGADMIN', 'ADMIN', 'INGRESO', 'USUARIO INGRESO CORRECTAMENTE [INGRESO: INGRESO_OK_CONFIGADMIN]', 'configAdmin.php', '2020-02-07 16:16:01'),
('INGRESO_OK_INDEX', 'ADMIN', 'INGRESO', 'USUARIO INGRESO CORRECTAMENTE A INDEX[INGRESO: INGRESO_OK_INDEX]', 'index.php', '2020-02-07 16:16:02'),
('INGRESO_OK_CONFIGADMIN', 'ADMIN', 'INGRESO', 'USUARIO INGRESO CORRECTAMENTE [INGRESO: INGRESO_OK_CONFIGADMIN]', 'configAdmin.php', '2020-02-07 16:16:03'),
('INGRESO_OK_INDEX', 'ADMIN', 'INGRESO', 'USUARIO INGRESO CORRECTAMENTE A INDEX[INGRESO: INGRESO_OK_INDEX]', 'index.php', '2020-02-07 16:16:05'),
('INGRESO_OK_CONFIGADMIN', 'ADMIN', 'INGRESO', 'USUARIO INGRESO CORRECTAMENTE [INGRESO: INGRESO_OK_CONFIGADMIN]', 'configAdmin.php', '2020-02-07 16:16:05'),
('INGRESO_OK_CONFIGADMIN', 'ADMIN', 'INGRESO', 'USUARIO INGRESO CORRECTAMENTE [INGRESO: INGRESO_OK_CONFIGADMIN]', 'configAdmin.php', '2020-02-07 16:16:09'),
('INGRESO_OK_CONFIGADMIN', 'ADMIN', 'INGRESO', 'USUARIO INGRESO CORRECTAMENTE [INGRESO: INGRESO_OK_CONFIGADMIN]', 'configAdmin.php', '2020-02-07 16:16:10'),
('INGRESO_OK_CONFIGADMIN', 'ADMIN', 'INGRESO', 'USUARIO INGRESO CORRECTAMENTE [INGRESO: INGRESO_OK_CONFIGADMIN]', 'configAdmin.php', '2020-02-07 16:16:11'),
('INGRESO_OK_INDEX', 'ADMIN', 'INGRESO', 'USUARIO INGRESO CORRECTAMENTE A INDEX[INGRESO: INGRESO_OK_INDEX]', 'index.php', '2020-02-07 16:16:57'),
('INGRESO_OK_INDEX', 'ADMIN', 'INGRESO', 'USUARIO INGRESO CORRECTAMENTE A INDEX[INGRESO: INGRESO_OK_INDEX]', 'index.php', '2020-02-07 16:16:58'),
('INGRESO_OK_CONFIGADMIN', 'ADMIN', 'INGRESO', 'USUARIO INGRESO CORRECTAMENTE [INGRESO: INGRESO_OK_CONFIGADMIN]', 'configAdmin.php', '2020-02-07 16:17:00'),
('INGRESO_OK_CONFIGADMIN', 'ADMIN', 'INGRESO', 'USUARIO INGRESO CORRECTAMENTE [INGRESO: INGRESO_OK_CONFIGADMIN]', 'configAdmin.php', '2020-02-07 16:18:36'),
('INGRESO_OK_CONFIGADMIN', 'ADMIN', 'INGRESO', 'USUARIO INGRESO CORRECTAMENTE [INGRESO: INGRESO_OK_CONFIGADMIN]', 'configAdmin.php', '2020-02-07 16:18:37'),
('INGRESO_OK_INDEX', 'ADMIN', 'INGRESO', 'USUARIO INGRESO CORRECTAMENTE A INDEX[INGRESO: INGRESO_OK_INDEX]', 'index.php', '2020-02-07 16:18:39'),
('INGRESO_OK_CONFIGADMIN', 'ADMIN', 'INGRESO', 'USUARIO INGRESO CORRECTAMENTE [INGRESO: INGRESO_OK_CONFIGADMIN]', 'configAdmin.php', '2020-02-07 16:18:40'),
('INGRESO_OK_INDEX', 'ADMIN', 'INGRESO', 'USUARIO INGRESO CORRECTAMENTE A INDEX[INGRESO: INGRESO_OK_INDEX]', 'index.php', '2020-02-07 16:18:47'),
('INGRESO_OK_INDEX', 'ADMIN', 'INGRESO', 'USUARIO INGRESO CORRECTAMENTE A INDEX[INGRESO: INGRESO_OK_INDEX]', 'index.php', '2020-02-07 16:18:48'),
('INGRESO_OK_CONFIGADMIN', 'ADMIN', 'INGRESO', 'USUARIO INGRESO CORRECTAMENTE [INGRESO: INGRESO_OK_CONFIGADMIN]', 'configAdmin.php', '2020-02-07 16:18:51'),
('INGRESO_OK_CONFIGADMIN', 'ADMIN', 'INGRESO', 'USUARIO INGRESO CORRECTAMENTE [INGRESO: INGRESO_OK_CONFIGADMIN]', 'configAdmin.php', '2020-02-07 16:21:43'),
('INGRESO_OK_INDEX', 'ADMIN', 'INGRESO', 'USUARIO INGRESO CORRECTAMENTE A INDEX[INGRESO: INGRESO_OK_INDEX]', 'index.php', '2020-02-07 16:23:54'),
('INGRESO_OK_INDEX', 'ADMIN', 'INGRESO', 'USUARIO INGRESO CORRECTAMENTE A INDEX[INGRESO: INGRESO_OK_INDEX]', 'index.php', '2020-02-07 16:23:55'),
('LOGIN_OK_INDEX', 'admin', 'INGRESO', 'USUARIO LOGUEO OK[INGRESO: LOGIN_OK_INDEX]', 'login.php', '2020-02-07 20:38:42'),
('INGRESO_OK_INDEX', 'admin', 'INGRESO', 'USUARIO INGRESO CORRECTAMENTE A INDEX[INGRESO: INGRESO_OK_INDEX]', 'index.php', '2020-02-07 20:38:42'),
('INGRESO_OK_CONFIGADMIN', 'admin', 'INGRESO', 'USUARIO INGRESO CORRECTAMENTE [INGRESO: INGRESO_OK_CONFIGADMIN]', 'configAdmin.php', '2020-02-07 20:44:52'),
('INGRESO_OK_INDEX', 'admin', 'INGRESO', 'USUARIO INGRESO CORRECTAMENTE A INDEX[INGRESO: INGRESO_OK_INDEX]', 'index.php', '2020-02-07 20:44:56'),
('INGRESO_OK_CONFIGADMIN', 'admin', 'INGRESO', 'USUARIO INGRESO CORRECTAMENTE [INGRESO: INGRESO_OK_CONFIGADMIN]', 'configAdmin.php', '2020-02-07 20:44:58'),
('INGRESO_OK_CONFIGADMIN', 'admin', 'INGRESO', 'USUARIO INGRESO CORRECTAMENTE [INGRESO: INGRESO_OK_CONFIGADMIN]', 'configAdmin.php', '2020-02-07 20:45:01'),
('INGRESO_OK_CONFIGADMIN', 'admin', 'INGRESO', 'USUARIO INGRESO CORRECTAMENTE [INGRESO: INGRESO_OK_CONFIGADMIN]', 'configAdmin.php', '2020-02-07 20:45:02'),
('INGRESO_OK_CONFIGADMIN', 'admin', 'INGRESO', 'USUARIO INGRESO CORRECTAMENTE [INGRESO: INGRESO_OK_CONFIGADMIN]', 'configAdmin.php', '2020-02-07 20:45:04'),
('INGRESO_OK_CONFIGADMIN', 'admin', 'INGRESO', 'USUARIO INGRESO CORRECTAMENTE [INGRESO: INGRESO_OK_CONFIGADMIN]', 'configAdmin.php', '2020-02-07 20:45:05'),
('INGRESO_OK_CONFIGADMIN', 'admin', 'INGRESO', 'USUARIO INGRESO CORRECTAMENTE [INGRESO: INGRESO_OK_CONFIGADMIN]', 'configAdmin.php', '2020-02-07 20:46:20'),
('INGRESO_OK_CONFIGADMIN', 'admin', 'INGRESO', 'USUARIO INGRESO CORRECTAMENTE [INGRESO: INGRESO_OK_CONFIGADMIN]', 'configAdmin.php', '2020-02-07 20:46:35'),
('INGRESO_OK_INDEX', 'admin', 'INGRESO', 'USUARIO INGRESO CORRECTAMENTE A INDEX[INGRESO: INGRESO_OK_INDEX]', 'index.php', '2020-02-07 20:46:40'),
('INGRESO_OK_INDEX', '', 'INGRESO', 'USUARIO INGRESO CORRECTAMENTE A INDEX[INGRESO: INGRESO_OK_INDEX]', 'index.php', '2020-02-07 20:46:49'),
('INGRESO_OK_INDEX', 'dog', 'INGRESO', 'USUARIO INGRESO CORRECTAMENTE A INDEX[INGRESO: INGRESO_OK_INDEX]', 'index.php', '2020-02-07 20:47:00'),
('INGRESO_OK_INDEX', 'dog', 'INGRESO', 'USUARIO INGRESO CORRECTAMENTE A INDEX[INGRESO: INGRESO_OK_INDEX]', 'index.php', '2020-02-07 20:47:20'),
('INGRESO_OK_INDEX', '', 'INGRESO', 'USUARIO INGRESO CORRECTAMENTE A INDEX[INGRESO: INGRESO_OK_INDEX]', 'index.php', '2020-02-07 20:47:27'),
('LOGIN_OK_INDEX', 'admin', 'INGRESO', 'USUARIO LOGUEO OK[INGRESO: LOGIN_OK_INDEX]', 'login.php', '2020-02-07 20:47:40'),
('INGRESO_OK_INDEX', 'admin', 'INGRESO', 'USUARIO INGRESO CORRECTAMENTE A INDEX[INGRESO: INGRESO_OK_INDEX]', 'index.php', '2020-02-07 20:47:40'),
('INGRESO_OK_INDEX', '', 'INGRESO', 'USUARIO INGRESO CORRECTAMENTE A INDEX[INGRESO: INGRESO_OK_INDEX]', 'index.php', '2020-02-07 20:53:46'),
('INGRESO_OK_PEDIDO', '', 'INGRESO', 'USUARIO INGRESO CORRECTAMENTE A PEDIDOS[INGRESO: INGRESO_OK_PEDIDO]', 'pedido.php', '2020-02-07 20:57:39'),
('INGRESO_OK_PRODUCTO', '', 'INGRESO', 'USUARIO INGRESO CORRECTAMENTE A PRODUCTOS[INGRESO: INGRESO_OK_PRODUCTO]', 'product.php', '2020-02-07 20:59:13'),
('INGRESO_OK_INDEX', 'dog', 'INGRESO', 'USUARIO INGRESO CORRECTAMENTE A INDEX[INGRESO: INGRESO_OK_INDEX]', 'index.php', '2020-02-07 21:00:19'),
('INGRESO_OK_PRODUCTO', 'dog', 'INGRESO', 'USUARIO INGRESO CORRECTAMENTE A PRODUCTOS[INGRESO: INGRESO_OK_PRODUCTO]', 'product.php', '2020-02-07 21:03:10'),
('INGRESO_OK_PEDIDO', '', 'INGRESO', 'USUARIO INGRESO CORRECTAMENTE A PEDIDOS[INGRESO: INGRESO_OK_PEDIDO]', 'pedido.php', '2020-02-07 21:03:12'),
('INGRESO_OK_INDEX', 'dog', 'INGRESO', 'USUARIO INGRESO CORRECTAMENTE A INDEX[INGRESO: INGRESO_OK_INDEX]', 'index.php', '2020-02-07 21:03:13'),
('INGRESO_OK_INDEX', 'dog', 'INGRESO', 'USUARIO INGRESO CORRECTAMENTE A INDEX[INGRESO: INGRESO_OK_INDEX]', 'index.php', '2020-02-07 21:03:17'),
('INGRESO_OK_INDEX', 'dog', 'INGRESO', 'USUARIO INGRESO CORRECTAMENTE A INDEX[INGRESO: INGRESO_OK_INDEX]', 'index.php', '2020-02-07 21:03:21'),
('INGRESO_OK_INDEX', 'dog', 'INGRESO', 'USUARIO INGRESO CORRECTAMENTE A INDEX[INGRESO: INGRESO_OK_INDEX]', 'index.php', '2020-02-07 21:03:25'),
('INGRESO_OK_INDEX', 'dog', 'INGRESO', 'USUARIO INGRESO CORRECTAMENTE A INDEX[INGRESO: INGRESO_OK_INDEX]', 'index.php', '2020-02-07 21:04:14'),
('INGRESO_OK_INDEX', 'dog', 'INGRESO', 'USUARIO INGRESO CORRECTAMENTE A INDEX[INGRESO: INGRESO_OK_INDEX]', 'index.php', '2020-02-07 21:05:17'),
('INGRESO_OK_INDEX', 'dog', 'INGRESO', 'USUARIO INGRESO CORRECTAMENTE A INDEX[INGRESO: INGRESO_OK_INDEX]', 'index.php', '2020-02-07 21:05:23'),
('INGRESO_OK_PRODUCTO', 'dog', 'INGRESO', 'USUARIO INGRESO CORRECTAMENTE A PRODUCTOS[INGRESO: INGRESO_OK_PRODUCTO]', 'product.php', '2020-02-07 21:05:26'),
('INGRESO_OK_PEDIDO', '', 'INGRESO', 'USUARIO INGRESO CORRECTAMENTE A PEDIDOS[INGRESO: INGRESO_OK_PEDIDO]', 'pedido.php', '2020-02-07 21:05:28'),
('INGRESO_OK_PEDIDO', '', 'INGRESO', 'USUARIO INGRESO CORRECTAMENTE A PEDIDOS[INGRESO: INGRESO_OK_PEDIDO]', 'pedido.php', '2020-02-07 21:05:43'),
('INGRESO_OK_PRODUCTO', 'dog', 'INGRESO', 'USUARIO INGRESO CORRECTAMENTE A PRODUCTOS[INGRESO: INGRESO_OK_PRODUCTO]', 'product.php', '2020-02-07 21:05:48'),
('INGRESO_OK_PEDIDO', '', 'INGRESO', 'USUARIO INGRESO CORRECTAMENTE A PEDIDOS[INGRESO: INGRESO_OK_PEDIDO]', 'pedido.php', '2020-02-07 21:05:51'),
('INGRESO_OK_INDEX', 'dog', 'INGRESO', 'USUARIO INGRESO CORRECTAMENTE A INDEX[INGRESO: INGRESO_OK_INDEX]', 'index.php', '2020-02-07 21:06:13'),
('INGRESO_OK_PRODUCTO', 'dog', 'INGRESO', 'USUARIO INGRESO CORRECTAMENTE A PRODUCTOS[INGRESO: INGRESO_OK_PRODUCTO]', 'product.php', '2020-02-07 21:06:15'),
('INGRESO_OK_PEDIDO', '', 'INGRESO', 'USUARIO INGRESO CORRECTAMENTE A PEDIDOS[INGRESO: INGRESO_OK_PEDIDO]', 'pedido.php', '2020-02-07 21:06:16'),
('INGRESO_OK_PEDIDO', '', 'INGRESO', 'USUARIO INGRESO CORRECTAMENTE A PEDIDOS[INGRESO: INGRESO_OK_PEDIDO]', 'pedido.php', '2020-02-07 21:06:40'),
('INGRESO_OK_PRODUCTO', 'dog', 'INGRESO', 'USUARIO INGRESO CORRECTAMENTE A PRODUCTOS[INGRESO: INGRESO_OK_PRODUCTO]', 'product.php', '2020-02-07 21:06:43'),
('INGRESO_OK_INDEX', 'dog', 'INGRESO', 'USUARIO INGRESO CORRECTAMENTE A INDEX[INGRESO: INGRESO_OK_INDEX]', 'index.php', '2020-02-07 21:06:44'),
('INGRESO_OK_PEDIDO', '', 'INGRESO', 'USUARIO INGRESO CORRECTAMENTE A PEDIDOS[INGRESO: INGRESO_OK_PEDIDO]', 'pedido.php', '2020-02-07 21:06:46'),
('INGRESO_OK_INDEX', 'dog', 'INGRESO', 'USUARIO INGRESO CORRECTAMENTE A INDEX[INGRESO: INGRESO_OK_INDEX]', 'index.php', '2020-02-07 21:07:00'),
('INGRESO_OK_PEDIDO', '', 'INGRESO', 'USUARIO INGRESO CORRECTAMENTE A PEDIDOS[INGRESO: INGRESO_OK_PEDIDO]', 'pedido.php', '2020-02-07 21:07:21'),
('INGRESO_OK_INDEX', 'dog', 'INGRESO', 'USUARIO INGRESO CORRECTAMENTE A INDEX[INGRESO: INGRESO_OK_INDEX]', 'index.php', '2020-02-07 21:09:26'),
('INGRESO_OK_PRODUCTO', 'dog', 'INGRESO', 'USUARIO INGRESO CORRECTAMENTE A PRODUCTOS[INGRESO: INGRESO_OK_PRODUCTO]', 'product.php', '2020-02-07 21:09:31'),
('INGRESO_OK_PEDIDO', '', 'INGRESO', 'USUARIO INGRESO CORRECTAMENTE A PEDIDOS[INGRESO: INGRESO_OK_PEDIDO]', 'pedido.php', '2020-02-07 21:09:32'),
('INGRESO_OK_PRODUCTO', 'dog', 'INGRESO', 'USUARIO INGRESO CORRECTAMENTE A PRODUCTOS[INGRESO: INGRESO_OK_PRODUCTO]', 'product.php', '2020-02-07 21:09:38'),
('INGRESO_OK_INDEX', 'dog', 'INGRESO', 'USUARIO INGRESO CORRECTAMENTE A INDEX[INGRESO: INGRESO_OK_INDEX]', 'index.php', '2020-02-07 21:09:39'),
('INGRESO_OK_INDEX', 'dog', 'INGRESO', 'USUARIO INGRESO CORRECTAMENTE A INDEX[INGRESO: INGRESO_OK_INDEX]', 'index.php', '2020-02-07 21:09:44'),
('INGRESO_OK_PRODUCTO', 'dog', 'INGRESO', 'USUARIO INGRESO CORRECTAMENTE A PRODUCTOS[INGRESO: INGRESO_OK_PRODUCTO]', 'product.php', '2020-02-07 21:09:46'),
('INGRESO_OK_PEDIDO', '', 'INGRESO', 'USUARIO INGRESO CORRECTAMENTE A PEDIDOS[INGRESO: INGRESO_OK_PEDIDO]', 'pedido.php', '2020-02-07 21:09:50'),
('INGRESO_OK_PRODUCTO', 'dog', 'INGRESO', 'USUARIO INGRESO CORRECTAMENTE A PRODUCTOS[INGRESO: INGRESO_OK_PRODUCTO]', 'product.php', '2020-02-07 21:10:06'),
('INGRESO_OK_PEDIDO', '', 'INGRESO', 'USUARIO INGRESO CORRECTAMENTE A PEDIDOS[INGRESO: INGRESO_OK_PEDIDO]', 'pedido.php', '2020-02-07 21:10:09'),
('INGRESO_OK_PRODUCTO', 'dog', 'INGRESO', 'USUARIO INGRESO CORRECTAMENTE A PRODUCTOS[INGRESO: INGRESO_OK_PRODUCTO]', 'product.php', '2020-02-07 21:10:12'),
('INGRESO_OK_PRODUCTO', 'dog', 'INGRESO', 'USUARIO INGRESO CORRECTAMENTE A PRODUCTOS[INGRESO: INGRESO_OK_PRODUCTO]', 'product.php', '2020-02-07 21:11:42'),
('INGRESO_OK_PRODUCTO', 'dog', 'INGRESO', 'USUARIO INGRESO CORRECTAMENTE A PRODUCTOS[INGRESO: INGRESO_OK_PRODUCTO]', 'product.php', '2020-02-07 21:11:45'),
('INGRESO_OK_PEDIDO', '', 'INGRESO', 'USUARIO INGRESO CORRECTAMENTE A PEDIDOS[INGRESO: INGRESO_OK_PEDIDO]', 'pedido.php', '2020-02-07 21:11:46'),
('INGRESO_OK_PRODUCTO', 'dog', 'INGRESO', 'USUARIO INGRESO CORRECTAMENTE A PRODUCTOS[INGRESO: INGRESO_OK_PRODUCTO]', 'product.php', '2020-02-07 21:12:11'),
('INGRESO_OK_PEDIDO', '', 'INGRESO', 'USUARIO INGRESO CORRECTAMENTE A PEDIDOS[INGRESO: INGRESO_OK_PEDIDO]', 'pedido.php', '2020-02-07 21:12:19'),
('INGRESO_OK_INDEX', 'dog', 'INGRESO', 'USUARIO INGRESO CORRECTAMENTE A INDEX[INGRESO: INGRESO_OK_INDEX]', 'index.php', '2020-02-07 21:12:36'),
('INGRESO_OK_PRODUCTO', 'dog', 'INGRESO', 'USUARIO INGRESO CORRECTAMENTE A PRODUCTOS[INGRESO: INGRESO_OK_PRODUCTO]', 'product.php', '2020-02-07 21:15:34'),
('INGRESO_OK_PEDIDO', '', 'INGRESO', 'USUARIO INGRESO CORRECTAMENTE A PEDIDOS[INGRESO: INGRESO_OK_PEDIDO]', 'pedido.php', '2020-02-07 21:15:36'),
('INGRESO_OK_PEDIDO', '', 'INGRESO', 'USUARIO INGRESO CORRECTAMENTE A PEDIDOS[INGRESO: INGRESO_OK_PEDIDO]', 'pedido.php', '2020-02-07 21:17:21'),
('INGRESO_OK_PEDIDO', '', 'INGRESO', 'USUARIO INGRESO CORRECTAMENTE A PEDIDOS[INGRESO: INGRESO_OK_PEDIDO]', 'pedido.php', '2020-02-07 21:17:23'),
('INGRESO_OK_INDEX', 'dog', 'INGRESO', 'USUARIO INGRESO CORRECTAMENTE A INDEX[INGRESO: INGRESO_OK_INDEX]', 'index.php', '2020-02-07 21:17:48'),
('INGRESO_OK_INDEX', 'dog', 'INGRESO', 'USUARIO INGRESO CORRECTAMENTE A INDEX[INGRESO: INGRESO_OK_INDEX]', 'index.php', '2020-02-07 21:17:59'),
('INGRESO_OK_PRODUCTO', 'dog', 'INGRESO', 'USUARIO INGRESO CORRECTAMENTE A PRODUCTOS[INGRESO: INGRESO_OK_PRODUCTO]', 'product.php', '2020-02-07 21:18:01'),
('INGRESO_OK_PEDIDO', '', 'INGRESO', 'USUARIO INGRESO CORRECTAMENTE A PEDIDOS[INGRESO: INGRESO_OK_PEDIDO]', 'pedido.php', '2020-02-07 21:18:02'),
('INGRESO_OK_INDEX', 'dog', 'INGRESO', 'USUARIO INGRESO CORRECTAMENTE A INDEX[INGRESO: INGRESO_OK_INDEX]', 'index.php', '2020-02-07 21:36:45'),
('INGRESO_OK_PRODUCTO', 'dog', 'INGRESO', 'USUARIO INGRESO CORRECTAMENTE A PRODUCTOS[INGRESO: INGRESO_OK_PRODUCTO]', 'product.php', '2020-02-07 21:38:35'),
('INGRESO_OK_INDEX', '', 'INGRESO', 'USUARIO INGRESO CORRECTAMENTE A INDEX[INGRESO: INGRESO_OK_INDEX]', 'infoProd.php', '2020-02-07 21:38:39'),
('INGRESO_OK_PRODUCTO', 'dog', 'INGRESO', 'USUARIO INGRESO CORRECTAMENTE A PRODUCTOS[INGRESO: INGRESO_OK_PRODUCTO]', 'product.php', '2020-02-07 21:38:44'),
('INGRESO_OK_INDEX', '', 'INGRESO', 'USUARIO INGRESO CORRECTAMENTE A INDEX[INGRESO: INGRESO_OK_INDEX]', 'infoProd.php', '2020-02-07 21:39:59'),
('INGRESO_OK_PRODUCTO', 'dog', 'INGRESO', 'USUARIO INGRESO CORRECTAMENTE A PRODUCTOS[INGRESO: INGRESO_OK_PRODUCTO]', 'product.php', '2020-02-07 21:40:09'),
('INGRESO_OK_INDEX', 'dog', 'INGRESO', 'USUARIO INGRESO CORRECTAMENTE A INDEX[INGRESO: INGRESO_OK_INDEX]', 'infoProd.php', '2020-02-07 21:42:07'),
('INGRESO_OK_PRODUCTO', 'dog', 'INGRESO', 'USUARIO INGRESO CORRECTAMENTE A PRODUCTOS[INGRESO: INGRESO_OK_PRODUCTO]', 'product.php', '2020-02-07 21:42:10'),
('INGRESO_OK_INDEX', 'dog', 'INGRESO', 'USUARIO INGRESO CORRECTAMENTE A INDEX[INGRESO: INGRESO_OK_INDEX]', 'index.php', '2020-02-07 21:42:12'),
('INGRESO_OK_PRODUCTO', 'dog', 'INGRESO', 'USUARIO INGRESO CORRECTAMENTE A PRODUCTOS[INGRESO: INGRESO_OK_PRODUCTO]', 'product.php', '2020-02-07 21:42:14'),
('INGRESO_OK_PEDIDO', '', 'INGRESO', 'USUARIO INGRESO CORRECTAMENTE A PEDIDOS[INGRESO: INGRESO_OK_PEDIDO]', 'pedido.php', '2020-02-07 21:42:16'),
('INGRESO_OK_INDEX', 'dog', 'INGRESO', 'USUARIO INGRESO CORRECTAMENTE A INDEX[INGRESO: INGRESO_OK_INDEX]', 'index.php', '2020-02-07 21:42:20'),
('INGRESO_OK_PRODUCTO', 'dog', 'INGRESO', 'USUARIO INGRESO CORRECTAMENTE A PRODUCTOS[INGRESO: INGRESO_OK_PRODUCTO]', 'product.php', '2020-02-07 21:43:21'),
('INGRESO_OK_INDEX', 'dog', 'INGRESO', 'USUARIO INGRESO CORRECTAMENTE A INDEX[INGRESO: INGRESO_OK_INDEX]', 'infoProd.php', '2020-02-07 21:43:25'),
('INGRESO_OK_PRODUCTO', 'dog', 'INGRESO', 'USUARIO INGRESO CORRECTAMENTE A PRODUCTOS[INGRESO: INGRESO_OK_PRODUCTO]', 'product.php', '2020-02-07 21:43:27'),
('INGRESO_OK_INDEX', 'dog', 'INGRESO', 'USUARIO INGRESO CORRECTAMENTE A INDEX[INGRESO: INGRESO_OK_INDEX]', 'infoProd.php', '2020-02-07 21:43:31'),
('INGRESO_OK_PRODUCTO', 'dog', 'INGRESO', 'USUARIO INGRESO CORRECTAMENTE A PRODUCTOS[INGRESO: INGRESO_OK_PRODUCTO]', 'product.php', '2020-02-07 21:43:39'),
('INGRESO_OK_PRODUCTO', 'dog', 'INGRESO', 'USUARIO INGRESO CORRECTAMENTE A PRODUCTOS[INGRESO: INGRESO_OK_PRODUCTO]', 'product.php', '2020-02-07 21:44:42'),
('INGRESO_OK_INDEX', 'dog', 'INGRESO', 'USUARIO INGRESO CORRECTAMENTE A INDEX[INGRESO: INGRESO_OK_INDEX]', 'index.php', '2020-02-07 21:45:51'),
('INGRESO_OK_INDEX', 'dog', 'INGRESO', 'USUARIO INGRESO CORRECTAMENTE A INDEX[INGRESO: INGRESO_OK_INDEX]', 'index.php', '2020-02-07 21:49:58'),
('INGRESO_OK_INDEX', 'dog', 'INGRESO', 'USUARIO INGRESO CORRECTAMENTE A INDEX[INGRESO: INGRESO_OK_INDEX]', 'index.php', '2020-02-07 21:50:45'),
('INGRESO_OK_INDEX', 'dog', 'INGRESO', 'USUARIO INGRESO CORRECTAMENTE A INDEX[INGRESO: INGRESO_OK_INDEX]', 'index.php', '2020-02-07 21:51:19'),
('INGRESO_OK_INDEX', 'dog', 'INGRESO', 'USUARIO INGRESO CORRECTAMENTE A INDEX[INGRESO: INGRESO_OK_INDEX]', 'index.php', '2020-02-07 21:53:51'),
('INGRESO_OK_INDEX', 'dog', 'INGRESO', 'USUARIO INGRESO CORRECTAMENTE A INDEX[INGRESO: INGRESO_OK_INDEX]', 'changelanguage.php', '2020-02-07 21:55:34'),
('INGRESO_OK_INDEX', 'dog', 'INGRESO', 'USUARIO INGRESO CORRECTAMENTE A INDEX[INGRESO: INGRESO_OK_INDEX]', 'index.php', '2020-02-07 21:55:34'),
('INGRESO_OK_INDEX', 'dog', 'INGRESO', 'USUARIO INGRESO CORRECTAMENTE A INDEX[INGRESO: INGRESO_OK_INDEX]', 'changelanguage.php', '2020-02-07 21:55:38'),
('INGRESO_OK_INDEX', 'dog', 'INGRESO', 'USUARIO INGRESO CORRECTAMENTE A INDEX[INGRESO: INGRESO_OK_INDEX]', 'index.php', '2020-02-07 21:55:38'),
('INGRESO_OK_INDEX', 'dog', 'INGRESO', 'USUARIO INGRESO CORRECTAMENTE A INDEX[INGRESO: INGRESO_OK_INDEX]', 'changelanguage.php', '2020-02-07 21:55:41'),
('INGRESO_OK_INDEX', 'dog', 'INGRESO', 'USUARIO INGRESO CORRECTAMENTE A INDEX[INGRESO: INGRESO_OK_INDEX]', 'index.php', '2020-02-07 21:55:41'),
('INGRESO_OK_INDEX', 'dog', 'INGRESO', 'USUARIO INGRESO CORRECTAMENTE A INDEX[INGRESO: INGRESO_OK_INDEX]', 'changelanguage.php', '2020-02-07 21:55:43'),
('INGRESO_OK_INDEX', 'dog', 'INGRESO', 'USUARIO INGRESO CORRECTAMENTE A INDEX[INGRESO: INGRESO_OK_INDEX]', 'index.php', '2020-02-07 21:55:43'),
('INGRESO_OK_INDEX', 'dog', 'INGRESO', 'USUARIO INGRESO CORRECTAMENTE A INDEX[INGRESO: INGRESO_OK_INDEX]', 'changelanguage.php', '2020-02-07 21:55:46'),
('INGRESO_OK_INDEX', 'dog', 'INGRESO', 'USUARIO INGRESO CORRECTAMENTE A INDEX[INGRESO: INGRESO_OK_INDEX]', 'index.php', '2020-02-07 21:55:46'),
('INGRESO_OK_INDEX', 'dog', 'INGRESO', 'USUARIO INGRESO CORRECTAMENTE A INDEX[INGRESO: INGRESO_OK_INDEX]', 'index.php', '2020-02-07 21:59:14'),
('INGRESO_OK_INDEX', 'dog', 'INGRESO', 'USUARIO INGRESO CORRECTAMENTE A INDEX[INGRESO: INGRESO_OK_INDEX]', 'changelanguage.php', '2020-02-07 21:59:20'),
('INGRESO_OK_INDEX', 'dog', 'INGRESO', 'USUARIO INGRESO CORRECTAMENTE A INDEX[INGRESO: INGRESO_OK_INDEX]', 'index.php', '2020-02-07 21:59:20'),
('INGRESO_OK_PEDIDO', '', 'INGRESO', 'USUARIO INGRESO CORRECTAMENTE A PEDIDOS[INGRESO: INGRESO_OK_PEDIDO]', 'pedido.php', '2020-02-07 21:59:42'),
('INGRESO_OK_PRODUCTO', 'dog', 'INGRESO', 'USUARIO INGRESO CORRECTAMENTE A PRODUCTOS[INGRESO: INGRESO_OK_PRODUCTO]', 'product.php', '2020-02-07 21:59:43'),
('INGRESO_OK_INDEX', 'dog', 'INGRESO', 'USUARIO INGRESO CORRECTAMENTE A INDEX[INGRESO: INGRESO_OK_INDEX]', 'index.php', '2020-02-07 21:59:44'),
('INGRESO_OK_INDEX', 'dog', 'INGRESO', 'USUARIO INGRESO CORRECTAMENTE A INDEX[INGRESO: INGRESO_OK_INDEX]', 'changelanguage.php', '2020-02-07 21:59:48'),
('INGRESO_OK_INDEX', 'dog', 'INGRESO', 'USUARIO INGRESO CORRECTAMENTE A INDEX[INGRESO: INGRESO_OK_INDEX]', 'index.php', '2020-02-07 21:59:48'),
('INGRESO_OK_INDEX', '', 'INGRESO', 'USUARIO INGRESO CORRECTAMENTE A INDEX[INGRESO: INGRESO_OK_INDEX]', 'index.php', '2020-02-07 22:00:52'),
('INGRESO_OK_REGISTRO', '', 'INGRESO', 'USUARIO INGRESO CORRECTAMENTE A REGISTRO[INGRESO: INGRESO_OK_REGISTRO]', 'registration.php', '2020-02-07 22:01:47'),
('INGRESO_OK_REGISTRO', '', 'INGRESO', 'USUARIO INGRESO CORRECTAMENTE A REGISTRO[INGRESO: INGRESO_OK_REGISTRO]', 'registration.php', '2020-02-07 22:01:51'),
('INGRESO_OK_REGISTRO', '', 'INGRESO', 'USUARIO INGRESO CORRECTAMENTE A REGISTRO[INGRESO: INGRESO_OK_REGISTRO]', 'registration.php', '2020-02-07 22:01:53'),
('INGRESO_OK_PRODUCTO', '', 'INGRESO', 'USUARIO INGRESO CORRECTAMENTE A PRODUCTOS[INGRESO: INGRESO_OK_PRODUCTO]', 'product.php', '2020-02-07 22:03:51'),
('INGRESO_OK_INDEX', 'dog', 'INGRESO', 'USUARIO INGRESO CORRECTAMENTE A INDEX[INGRESO: INGRESO_OK_INDEX]', 'index.php', '2020-02-07 22:04:13'),
('INGRESO_OK_PRODUCTO', 'dog', 'INGRESO', 'USUARIO INGRESO CORRECTAMENTE A PRODUCTOS[INGRESO: INGRESO_OK_PRODUCTO]', 'product.php', '2020-02-07 22:04:17'),
('INGRESO_OK_INDEX', '', 'INGRESO', 'USUARIO INGRESO CORRECTAMENTE A INDEX[INGRESO: INGRESO_OK_INDEX]', 'index.php', '2020-02-07 22:04:23'),
('INGRESO_OK_INDEX', '', 'INGRESO', 'USUARIO INGRESO CORRECTAMENTE A INDEX[INGRESO: INGRESO_OK_INDEX]', 'index.php', '2020-02-07 22:04:26'),
('LOGIN_OK_INDEX', 'admin', 'INGRESO', 'USUARIO LOGUEO OK[INGRESO: LOGIN_OK_INDEX]', 'login.php', '2020-02-07 22:04:37'),
('INGRESO_OK_INDEX', 'admin', 'INGRESO', 'USUARIO INGRESO CORRECTAMENTE A INDEX[INGRESO: INGRESO_OK_INDEX]', 'index.php', '2020-02-07 22:04:37'),
('INGRESO_OK_PRODUCTO', 'admin', 'INGRESO', 'USUARIO INGRESO CORRECTAMENTE A PRODUCTOS[INGRESO: INGRESO_OK_PRODUCTO]', 'product.php', '2020-02-07 22:04:59'),
('INGRESO_OK_PRODUCTO', 'admin', 'INGRESO', 'USUARIO INGRESO CORRECTAMENTE A PRODUCTOS[INGRESO: INGRESO_OK_PRODUCTO]', 'product.php', '2020-02-07 22:05:23'),
('INGRESO_OK_INDEX', '', 'INGRESO', 'USUARIO INGRESO CORRECTAMENTE A INDEX[INGRESO: INGRESO_OK_INDEX]', 'index.php', '2020-02-07 22:05:55'),
('INGRESO_OK_INDEX', 'dog', 'INGRESO', 'USUARIO INGRESO CORRECTAMENTE A INDEX[INGRESO: INGRESO_OK_INDEX]', 'index.php', '2020-02-07 22:06:08'),
('INGRESO_OK_PEDIDO', '', 'INGRESO', 'USUARIO INGRESO CORRECTAMENTE A PEDIDOS[INGRESO: INGRESO_OK_PEDIDO]', 'pedido.php', '2020-02-07 22:06:10'),
('LOGIN_OK_INDEX', 'admin', 'INGRESO', 'USUARIO LOGUEO OK[INGRESO: LOGIN_OK_INDEX]', 'login.php', '2020-02-07 22:06:52'),
('INGRESO_OK_INDEX', 'dog', 'INGRESO', 'USUARIO INGRESO CORRECTAMENTE A INDEX[INGRESO: INGRESO_OK_INDEX]', 'index.php', '2020-02-07 22:06:52'),
('INGRESO_OK_CONFIGADMIN', 'admin', 'INGRESO', 'USUARIO INGRESO CORRECTAMENTE [INGRESO: INGRESO_OK_CONFIGADMIN]', 'configAdmin.php', '2020-02-07 22:06:59'),
('INGRESO_OK_INDEX', '', 'INGRESO', 'USUARIO INGRESO CORRECTAMENTE A INDEX[INGRESO: INGRESO_OK_INDEX]', 'index.php', '2020-02-07 22:10:31'),
('INGRESO_OK_INDEX', 'dog', 'INGRESO', 'USUARIO INGRESO CORRECTAMENTE A INDEX[INGRESO: INGRESO_OK_INDEX]', 'index.php', '2020-02-07 22:10:49'),
('INGRESO_OK_PRODUCTO', 'dog', 'INGRESO', 'USUARIO INGRESO CORRECTAMENTE A PRODUCTOS[INGRESO: INGRESO_OK_PRODUCTO]', 'product.php', '2020-02-07 22:11:20'),
('INGRESO_OK_INDEX', 'dog', 'INGRESO', 'USUARIO INGRESO CORRECTAMENTE A INDEX[INGRESO: INGRESO_OK_INDEX]', 'index.php', '2020-02-07 22:11:30'),
('INGRESO_OK_PEDIDO', '', 'INGRESO', 'USUARIO INGRESO CORRECTAMENTE A PEDIDOS[INGRESO: INGRESO_OK_PEDIDO]', 'pedido.php', '2020-02-07 22:12:01'),
('INGRESO_OK_PEDIDO', '', 'INGRESO', 'USUARIO INGRESO CORRECTAMENTE A PEDIDOS[INGRESO: INGRESO_OK_PEDIDO]', 'pedido.php', '2020-02-07 22:12:40'),
('INGRESO_OK_PEDIDO', '', 'INGRESO', 'USUARIO INGRESO CORRECTAMENTE A PEDIDOS[INGRESO: INGRESO_OK_PEDIDO]', 'pedido.php', '2020-02-07 22:18:05'),
('login_2', 'jhvjh', 'ERROR', 'Error nombre o contraseña invalido [ERROR: login_2]', 'login.php', '2020-02-07 22:21:17'),
('login_2', 'dog', 'ERROR', 'Error nombre o contraseña invalido [ERROR: login_2]', 'login.php', '2020-02-07 22:21:38'),
('login_1', 'dog', 'ERROR', 'Error nombre o contraseña invalido [ERROR: login_1]', 'login.php', '2020-02-07 22:21:53'),
('LOGIN_OK_ADMIN', 'admin', 'INGRESO', 'USUARIO INGRESO CORRECTAMENTE [INGRESO: LOGIN_OK_ADMIN]', 'login.php', '2020-02-07 22:23:11'),
('INGRESO_OK_INDEX', 'dog', 'INGRESO', 'USUARIO INGRESO CORRECTAMENTE A INDEX[INGRESO: INGRESO_OK_INDEX]', 'index.php', '2020-02-07 22:23:11'),
('INGRESO_OK_CONFIGADMIN', 'admin', 'INGRESO', 'USUARIO INGRESO CORRECTAMENTE [INGRESO: INGRESO_OK_CONFIGADMIN]', 'configAdmin.php', '2020-02-07 22:23:40'),
('INGRESO_OK_CONFIGADMIN', 'admin', 'INGRESO', 'USUARIO INGRESO CORRECTAMENTE [INGRESO: INGRESO_OK_CONFIGADMIN]', 'configAdmin.php', '2020-02-07 22:27:17'),
('INGRESO_OK_CONFIGADMIN', 'admin', 'INGRESO', 'USUARIO INGRESO CORRECTAMENTE [INGRESO: INGRESO_OK_CONFIGADMIN]', 'configAdmin.php', '2020-02-07 22:28:49'),
('INGRESO_OK_CONFIGADMIN', 'admin', 'INGRESO', 'USUARIO INGRESO CORRECTAMENTE [INGRESO: INGRESO_OK_CONFIGADMIN]', 'configAdmin.php', '2020-02-07 22:29:23'),
('INGRESO_OK_CONFIGADMIN', 'admin', 'INGRESO', 'USUARIO INGRESO CORRECTAMENTE [INGRESO: INGRESO_OK_CONFIGADMIN]', 'configAdmin.php', '2020-02-07 23:03:33'),
('INGRESO_OK_INDEX', '', 'INGRESO', 'USUARIO INGRESO CORRECTAMENTE A INDEX[INGRESO: INGRESO_OK_INDEX]', 'index.php', '2020-02-07 23:03:39'),
('INGRESO_OK_INDEX', 'dog', 'INGRESO', 'USUARIO INGRESO CORRECTAMENTE A INDEX[INGRESO: INGRESO_OK_INDEX]', 'index.php', '2020-02-07 23:03:57'),
('INGRESO_OK_PEDIDO', '', 'INGRESO', 'USUARIO INGRESO CORRECTAMENTE A PEDIDOS[INGRESO: INGRESO_OK_PEDIDO]', 'pedido.php', '2020-02-07 23:04:02'),
('ConfComp_1', '', 'ERROR', 'No has seleccionado ningún producto, revisa el carrito de compras [ERROR: ConfComp_1]', 'confirmcompra.php', '2020-02-07 23:04:18'),
('ConfComp_1', '', 'ERROR', 'No has seleccionado ningún producto, revisa el carrito de compras [ERROR: ConfComp_1]', 'confirmcompra.php', '2020-02-07 23:06:13'),
('ConfComp_1', 'usuario', 'ERROR', 'No has seleccionado ningún producto, revisa el carrito de compras [ERROR: ConfComp_1]', 'confirmcompra.php', '2020-02-07 23:07:00'),
('ConfComp_2', 'usuario', 'ERROR', 'El nombre o contraseña invalidos[ERROR: ConfComp_2]', 'confirmcompra.php', '2020-02-07 23:10:47'),
('INGRESO_OK_INDEX', '', 'INGRESO', 'USUARIO INGRESO CORRECTAMENTE A INDEX[INGRESO: INGRESO_OK_INDEX]', 'index.php', '2020-02-07 23:11:41'),
('INGRESO_OK_REGISTRO', '', 'INGRESO', 'USUARIO INGRESO CORRECTAMENTE A REGISTRO[INGRESO: INGRESO_OK_REGISTRO]', 'registration.php', '2020-02-07 23:11:53'),
('Error_RegistroNuevo_2', '', 'ERROR', '<br>El NIT que ha ingresado ya esta registrado.<br>Por favor ingrese otro número de NIT[ERROR: Error_RegistroNuevo_2]', 'regclien.php', '2020-02-07 23:20:31'),
('Error_RegistroNuevo_2', ' ', 'ERROR', '<br>El NIT que ha ingresado ya esta registrado.<br>Por favor ingrese otro número de NIT[ERROR: Error_RegistroNuevo_2]', 'regclien.php', '2020-02-07 23:21:05'),
('INGRESO_OK_REGISTRO', '', 'INGRESO', 'USUARIO INGRESO CORRECTAMENTE A REGISTRO[INGRESO: INGRESO_OK_REGISTRO]', 'registration.php', '2020-02-07 23:24:06');

-- --------------------------------------------------------

--
-- Estructura de tabla para la tabla `administrador`
--

CREATE TABLE `administrador` (
  `Nombre` varchar(30) NOT NULL,
  `Clave` text NOT NULL
) ENGINE=InnoDB DEFAULT CHARSET=latin1;

--
-- Volcado de datos para la tabla `administrador`
--

INSERT INTO `administrador` (`Nombre`, `Clave`) VALUES
('admin', '21232f297a57a5a743894a0e4a801fc3');

-- --------------------------------------------------------

--
-- Estructura de tabla para la tabla `categoria`
--

CREATE TABLE `categoria` (
  `CodigoCat` varchar(30) NOT NULL,
  `Nombre` varchar(30) NOT NULL,
  `Descripcion` text NOT NULL
) ENGINE=InnoDB DEFAULT CHARSET=latin1;

--
-- Volcado de datos para la tabla `categoria`
--

INSERT INTO `categoria` (`CodigoCat`, `Nombre`, `Descripcion`) VALUES
('C1', 'Desayuno', 'Solo incluye desayunos'),
('C2', 'Almuerzo', 'Incluye todo tipo de comidas'),
('C3', 'Merienda', 'Incluye todo tipo de comidas');

-- --------------------------------------------------------

--
-- Estructura de tabla para la tabla `cliente`
--

CREATE TABLE `cliente` (
  `NIT` varchar(30) NOT NULL,
  `Nombre` varchar(30) NOT NULL,
  `NombreCompleto` varchar(70) NOT NULL,
  `Apellido` varchar(70) NOT NULL,
  `Clave` text NOT NULL,
  `Direccion` varchar(200) NOT NULL,
  `Telefono` int(20) NOT NULL,
  `Email` varchar(30) NOT NULL
) ENGINE=InnoDB DEFAULT CHARSET=latin1;

--
-- Volcado de datos para la tabla `cliente`
--

INSERT INTO `cliente` (`NIT`, `Nombre`, `NombreCompleto`, `Apellido`, `Clave`, `Direccion`, `Telefono`, `Email`) VALUES
('12345678912345', 'mia', 'mia', 'mia', '5102ecd3d47f6561de70979017b87a80', 'mia', 23693577, 'mia@ddd.com'),
('123456789123456', 'mia', 'mia', 'mia', '5102ecd3d47f6561de70979017b87a80', 'mia', 23693577, 'mia@ddd.com'),
('1234567891234567', 'betsy', 'betsy', 'lucero', '81dc9bdb52d04dc20036dbd8313ed055', 'tambillo', 987456321, 'betsy@gmail.com'),
('12345678998765', 'xavier', 'xavier', 'lopez', '81dc9bdb52d04dc20036dbd8313ed055', 'la isla', 984014933, 'xavier@gmail.com'),
('1236549871478523', 'jennifer', 'jennifer', 'chamba', '81dc9bdb52d04dc20036dbd8313ed055', 'santo domingo', 369852147, 'jennifer@gmail.com'),
('1478523697896541', 'alejandro', 'alejandro', 'lopez', '81dc9bdb52d04dc20036dbd8313ed055', 'solanda', 321456987, 'alejandro@gmail.com'),
('1542365321475896', 'misael', 'misael', 'diaz', '81dc9bdb52d04dc20036dbd8313ed055', 'valle', 987454123, 'misa@gmail.com'),
('1542365321475996', 'dog', 'dog', 'dog', '06d80eb0c50b49a509b49f2424e8c805', 'dog', 23693577, 'dog@dog.com'),
('1727089961000000', 'diego', 'Diego', 'Alvarado', '827ccb0eea8a706c4c34a16891f84e7b', 'Pio XII', 963217597, 'diegosigchoalvarado@gmail.com');

-- --------------------------------------------------------

--
-- Estructura de tabla para la tabla `detalle`
--

CREATE TABLE `detalle` (
  `NumPedido` int(20) NOT NULL,
  `CodigoProd` varchar(30) NOT NULL,
  `CantidadProductos` int(20) NOT NULL
) ENGINE=InnoDB DEFAULT CHARSET=latin1;

--
-- Volcado de datos para la tabla `detalle`
--

INSERT INTO `detalle` (`NumPedido`, `CodigoProd`, `CantidadProductos`) VALUES
(18, '0001', 1),
(18, '0010', 1),
(18, '0010', 1),
(18, '0001', 1),
(19, '0010', 1),
(19, '0002', 1),
(19, '0001', 1),
(20, '0010', 1),
(21, '0010', 1),
(22, '0002', 1),
(23, '0002', 1),
(24, '0002', 1),
(25, '0010', 1),
(25, '0002', 1),
(25, '0001', 1),
(26, '0010', 1),
(27, '0010', 1),
(28, '0010', 1),
(29, '0010', 1),
(30, '0010', 1),
(31, '0002', 1),
(32, '0002', 1),
(33, '0010', 1),
(34, '0001', 1),
(35, '0002', 1),
(36, '0010', 1),
(37, '0002', 1),
(38, '0010', 1),
(39, '0010', 1),
(40, '0001', 1),
(41, '0001', 1),
(42, '0001', 1),
(45, '0001', 1),
(45, '0001', 1);

-- --------------------------------------------------------

--
-- Estructura de tabla para la tabla `efectividad1`
--

CREATE TABLE `efectividad1` (
  `id_transaccion` int(20) NOT NULL,
  `usuario` varchar(100) NOT NULL,
  `tiempo` varchar(100) NOT NULL,
  `dia` int(10) NOT NULL
) ENGINE=InnoDB DEFAULT CHARSET=utf8mb4;

--
-- Volcado de datos para la tabla `efectividad1`
--

INSERT INTO `efectividad1` (`id_transaccion`, `usuario`, `tiempo`, `dia`) VALUES
(13, 'visitante', 'Martes, 04 de Febrero de 2020 21:43 horas ', 4),
(14, 'xavier', 'Martes, 04 de Febrero de 2020 21:44 horas ', 4),
(15, 'visitante', 'Viernes, 07 de Febrero de 2020 23:11 horas ', 7);

-- --------------------------------------------------------

--
-- Estructura de tabla para la tabla `producto`
--

CREATE TABLE `producto` (
  `CodigoProd` varchar(30) NOT NULL,
  `NombreProd` varchar(30) NOT NULL,
  `CodigoCat` varchar(30) NOT NULL,
  `Precio` decimal(30,2) NOT NULL,
  `Modelo` varchar(30) NOT NULL,
  `Marca` varchar(30) NOT NULL,
  `Stock` int(20) NOT NULL,
  `NITProveedor` varchar(30) NOT NULL,
  `Imagen` varchar(150) NOT NULL,
  `Nombre` varchar(30) NOT NULL
) ENGINE=InnoDB DEFAULT CHARSET=latin1;

--
-- Volcado de datos para la tabla `producto`
--

INSERT INTO `producto` (`CodigoProd`, `NombreProd`, `CodigoCat`, `Precio`, `Modelo`, `Marca`, `Stock`, `NITProveedor`, `Imagen`, `Nombre`) VALUES
('0001', 'Mojito', 'C3', '5.00', 'Ron', '20', 3, '0001783', 'j5.jpg', 'admin'),
('0002', 'Arroz', 'C2', '2.00', 'Arroz con cocolon', '14', 5, '0001785', '15794632228215097727781836645406.jpg', 'admin'),
('0010', 'Agua', 'C3', '2.00', 'Pura', '9', 0, '0001785', '15796511301182637835779638235336.jpg', 'admin');

-- --------------------------------------------------------

--
-- Estructura de tabla para la tabla `proveedor`
--

CREATE TABLE `proveedor` (
  `NITProveedor` varchar(30) NOT NULL,
  `NombreProveedor` varchar(30) NOT NULL,
  `Direccion` varchar(200) NOT NULL,
  `Telefono` int(20) NOT NULL,
  `PaginaWeb` varchar(30) NOT NULL
) ENGINE=InnoDB DEFAULT CHARSET=latin1;

--
-- Volcado de datos para la tabla `proveedor`
--

INSERT INTO `proveedor` (`NITProveedor`, `NombreProveedor`, `Direccion`, `Telefono`, `PaginaWeb`) VALUES
('0001781', 'ANDREA LILIANACRUZ GARCIA', 'AV DEL MAESTRO Y AVE DE LA PRENSA ESQUINA', 982259648, 'andrea@gmail.com'),
('0001782', 'CLAUDIA LILIANATORRES FRIAS', 'CENTRO COMERCIAL EL CONDADO  LOCAL L 112 PLANTA BAJA', 982598745, 'claudia@gmail.com'),
('0001783', 'DANIELA HERNÁNDEZ BRAVO', 'SIGCHOS Y TOACAZO', 982569874, 'daniela@gmail.com'),
('0001785', 'CATHERINE OSPINA ALFONSO', 'CENTRO COMERCIAL EL RECREO LOCAL  R212', 982250478, 'catherine@gmail.com'),
('0001787', 'DENY MARCELAMUÑOZ LIZARAZO', 'BENALCAZAR N5-45 ENTRE MEJIA Y CHILE', 982658987, 'deny@gmail.com'),
('0001788', 'GLORIA PATRICIAMENDOZA ALVEAR', 'EL VERGEL SPMZ B SEGUNDA ETAPA JUNTO AL HOSPITAL VOZ ANDES', 982456987, 'gloria@gmail.com');

-- --------------------------------------------------------

--
-- Estructura de tabla para la tabla `venta`
--

CREATE TABLE `venta` (
  `NumPedido` int(20) NOT NULL,
  `Fecha` varchar(150) NOT NULL,
  `NIT` varchar(30) NOT NULL,
  `Descuento` int(20) NOT NULL,
  `TotalPagar` decimal(30,2) NOT NULL,
  `Estado` varchar(150) NOT NULL
) ENGINE=InnoDB DEFAULT CHARSET=latin1;

--
-- Volcado de datos para la tabla `venta`
--

INSERT INTO `venta` (`NumPedido`, `Fecha`, `NIT`, `Descuento`, `TotalPagar`, `Estado`) VALUES
(18, '26-01-2020', '12345678998765', 0, '14.00', 'Pendiente'),
(19, '26-01-2020', '12345678998765', 0, '9.00', 'Pendiente'),
(20, '27-01-2020', '12345678998765', 0, '2.00', 'Pendiente'),
(21, '28-01-2020', '12345678998765', 0, '2.00', 'Pendiente'),
(22, '28-01-2020', '12345678998765', 0, '2.00', 'Pendiente'),
(23, '28-01-2020', '12345678998765', 0, '2.00', 'Pendiente'),
(24, '28-01-2020', '12345678998765', 0, '2.00', 'Pendiente'),
(25, '28-01-2020', '12345678998765', 0, '9.00', 'Pendiente'),
(26, '28-01-2020', '12345678998765', 0, '2.00', 'Pendiente'),
(27, '28-01-2020', '12345678998765', 0, '2.00', 'Pendiente'),
(28, '28-01-2020', '12345678998765', 0, '2.00', 'Pendiente'),
(29, '28-01-2020', '12345678998765', 0, '2.00', 'Pendiente'),
(30, '28-01-2020', '12345678998765', 0, '2.00', 'Pendiente'),
(31, '28-01-2020', '12345678998765', 0, '2.00', 'Pendiente'),
(32, '28-01-2020', '12345678998765', 0, '2.00', 'Pendiente'),
(33, '28-01-2020', '12345678998765', 0, '2.00', 'Pendiente'),
(34, '28-01-2020', '12345678998765', 0, '5.00', 'Pendiente'),
(35, '28-01-2020', '12345678998765', 0, '2.00', 'Pendiente'),
(36, '28-01-2020', '12345678998765', 0, '2.00', 'Pendiente'),
(37, '28-01-2020', '12345678998765', 0, '2.00', 'Pendiente'),
(38, '28-01-2020', '12345678998765', 0, '2.00', 'Pendiente'),
(39, '28-01-2020', '12345678998765', 0, '2.00', 'Pendiente'),
(40, '28-01-2020', '12345678998765', 0, '5.00', 'Pendiente'),
(41, '28-01-2020', '1727089961000000', 0, '5.00', 'Pendiente'),
(42, '28-01-2020', '1542365321475896', 0, '5.00', 'Pendiente'),
(43, '28-01-2020', '1542365321475896', 0, '5.00', 'Pendiente'),
(44, '28-01-2020', '1542365321475896', 0, '5.00', 'Pendiente'),
(45, '08-02-2020', '1542365321475996', 0, '10.00', 'Pendiente');

--
-- Índices para tablas volcadas
--

--
-- Indices de la tabla `administrador`
--
ALTER TABLE `administrador`
  ADD PRIMARY KEY (`Nombre`);

--
-- Indices de la tabla `categoria`
--
ALTER TABLE `categoria`
  ADD PRIMARY KEY (`CodigoCat`);

--
-- Indices de la tabla `cliente`
--
ALTER TABLE `cliente`
  ADD PRIMARY KEY (`NIT`);

--
-- Indices de la tabla `detalle`
--
ALTER TABLE `detalle`
  ADD KEY `NumPedido` (`NumPedido`),
  ADD KEY `CodigoProd` (`CodigoProd`);

--
-- Indices de la tabla `efectividad1`
--
ALTER TABLE `efectividad1`
  ADD PRIMARY KEY (`id_transaccion`);

--
-- Indices de la tabla `producto`
--
ALTER TABLE `producto`
  ADD PRIMARY KEY (`CodigoProd`),
  ADD KEY `CodigoCat` (`CodigoCat`),
  ADD KEY `NITProveedor` (`NITProveedor`),
  ADD KEY `Agregado` (`Nombre`);

--
-- Indices de la tabla `proveedor`
--
ALTER TABLE `proveedor`
  ADD PRIMARY KEY (`NITProveedor`);

--
-- Indices de la tabla `venta`
--
ALTER TABLE `venta`
  ADD PRIMARY KEY (`NumPedido`),
  ADD KEY `NIT` (`NIT`),
  ADD KEY `NIT_2` (`NIT`);

--
-- AUTO_INCREMENT de las tablas volcadas
--

--
-- AUTO_INCREMENT de la tabla `efectividad1`
--
ALTER TABLE `efectividad1`
  MODIFY `id_transaccion` int(20) NOT NULL AUTO_INCREMENT, AUTO_INCREMENT=16;

--
-- AUTO_INCREMENT de la tabla `venta`
--
ALTER TABLE `venta`
  MODIFY `NumPedido` int(20) NOT NULL AUTO_INCREMENT, AUTO_INCREMENT=46;

--
-- Restricciones para tablas volcadas
--

--
-- Filtros para la tabla `detalle`
--
ALTER TABLE `detalle`
  ADD CONSTRAINT `detalle_ibfk_8` FOREIGN KEY (`CodigoProd`) REFERENCES `producto` (`CodigoProd`) ON UPDATE CASCADE,
  ADD CONSTRAINT `detalle_ibfk_9` FOREIGN KEY (`NumPedido`) REFERENCES `venta` (`NumPedido`) ON DELETE CASCADE ON UPDATE CASCADE;

--
-- Filtros para la tabla `producto`
--
ALTER TABLE `producto`
  ADD CONSTRAINT `producto_ibfk_7` FOREIGN KEY (`CodigoCat`) REFERENCES `categoria` (`CodigoCat`) ON UPDATE CASCADE,
  ADD CONSTRAINT `producto_ibfk_8` FOREIGN KEY (`NITProveedor`) REFERENCES `proveedor` (`NITProveedor`) ON UPDATE CASCADE,
  ADD CONSTRAINT `producto_ibfk_9` FOREIGN KEY (`Nombre`) REFERENCES `administrador` (`Nombre`);

--
-- Filtros para la tabla `venta`
--
ALTER TABLE `venta`
  ADD CONSTRAINT `venta_ibfk_1` FOREIGN KEY (`NIT`) REFERENCES `cliente` (`NIT`) ON UPDATE CASCADE;
COMMIT;

/*!40101 SET CHARACTER_SET_CLIENT=@OLD_CHARACTER_SET_CLIENT */;
/*!40101 SET CHARACTER_SET_RESULTS=@OLD_CHARACTER_SET_RESULTS */;
/*!40101 SET COLLATION_CONNECTION=@OLD_COLLATION_CONNECTION */;
